Date,1Y,2Y,3Y,5Y,7Y,10Y,15Y,20Y,30Y
2022-07-18,3.1179,3.1905,3.1454,3.0556,3.0198,3.0398,3.1522,3.2743,3.4542
2022-07-19,3.1581,3.2541,3.2178,3.1262,3.0805,3.0845,3.1808,3.2988,3.4858
2022-07-20,3.168,3.2773,3.2516,3.1653,3.1156,3.1093,3.191,3.302,3.4877
2022-07-21,3.0628,3.1123,3.0899,2.9974,2.9412,2.9529,3.0865,3.2225,3.3956
2022-07-22,2.9868,2.9951,2.9561,2.8594,2.8089,2.83,2.9792,3.1314,3.3291
2022-07-25,3.0231,3.035,2.9926,2.8884,2.8373,2.8654,3.0256,3.1808,3.3763
2022-07-26,3.0373,3.0634,3.0193,2.8982,2.8324,2.851,3.0122,3.1718,3.3728
2022-07-27,2.9892,2.9928,2.9445,2.8339,2.7825,2.8175,2.997,3.1704,3.3898
2022-07-28,2.9186,2.8822,2.8167,2.7022,2.661,2.7174,2.9349,3.1422,3.4079
2022-07-29,2.9445,2.9042,2.8356,2.7134,2.6629,2.7069,2.9142,3.1207,3.3915
2022-08-01,2.9523,2.903,2.8187,2.668,2.6012,2.6361,2.8371,3.0347,3.2873
2022-08-02,3.0544,3.0775,3.0174,2.8593,2.7689,2.7759,2.9488,3.1262,3.3512
2022-08-03,3.0853,3.1008,3.0332,2.8615,2.7601,2.7543,2.9134,3.0821,3.2975
2022-08-04,3.0497,3.0287,2.9466,2.7742,2.6841,2.6982,2.8871,3.0798,3.326
2022-08-05,3.2091,3.2486,3.1748,2.9739,2.8557,2.8479,3.0165,3.1885,3.401
2022-08-08,3.1982,3.2183,3.1322,2.9195,2.7973,2.7876,2.9537,3.1227,3.331
2022-08-09,3.2341,3.2698,3.1911,2.9752,2.8397,2.8113,2.965,3.1349,3.3503
2022-08-10,3.1898,3.2228,3.1418,2.9319,2.8128,2.8118,2.9948,3.1768,3.4
2022-08-11,3.1807,3.2217,3.1589,2.985,2.8893,2.9061,3.1041,3.2973,3.5359
2022-08-12,3.1868,3.2434,3.1754,2.9771,2.8633,2.8696,3.0664,3.2601,3.4979
2022-08-15,3.1574,3.1905,3.1173,2.9222,2.8108,2.8179,3.0221,3.229,3.4885
2022-08-16,3.1795,3.239,3.1707,2.9656,2.8429,2.8402,3.0354,3.2343,3.4818
2022-08-17,3.2072,3.2925,3.2447,3.0569,2.9298,2.9088,3.0848,3.2805,3.5332
2022-08-18,3.1723,3.243,3.2012,3.0344,2.9175,2.8954,3.0662,3.2666,3.5349
2022-08-19,3.1931,3.2782,3.2515,3.1128,3.0163,3.0098,3.1801,3.3689,3.6168
2022-08-22,3.2459,3.3429,3.3205,3.1798,3.0767,3.0592,3.2141,3.3919,3.6262
2022-08-23,3.2224,3.3196,3.306,3.1863,3.0969,3.0855,3.2348,3.4049,3.6301
2022-08-24,3.2713,3.385,3.3719,3.2448,3.1541,3.1493,3.306,3.4734,3.6869
2022-08-25,3.2711,3.3684,3.3406,3.1897,3.0826,3.0651,3.2188,3.3906,3.613
2022-08-26,3.3045,3.4003,3.3759,3.2303,3.1201,3.087,3.21,3.3588,3.5553
2022-08-29,3.3367,3.4332,3.417,3.2901,3.1909,3.1606,3.2737,3.412,3.5957
2022-08-30,3.3757,3.4694,3.4437,3.2991,3.1911,3.1563,3.2621,3.3892,3.5541
2022-08-31,3.3947,3.4615,3.4367,3.3149,3.2242,3.1975,3.3022,3.43,3.6007
2022-09-01,3.4367,3.5218,3.5108,3.4091,3.3321,3.3162,3.4225,3.5446,3.7039
2022-09-02,3.3863,3.4268,3.4068,3.3219,3.2648,3.2651,3.3833,3.5164,3.6956
2022-09-06,3.458,3.5249,3.5184,3.4432,3.3881,3.3897,3.5101,3.6443,3.8235
2022-09-07,3.4496,3.487,3.4652,3.3797,3.3239,3.3267,3.4459,3.5772,3.752
2022-09-08,3.4879,3.535,3.5106,3.4105,3.3437,3.3415,3.4663,3.6046,3.787
2022-09-09,3.5742,3.6141,3.5791,3.4601,3.3821,3.3725,3.4913,3.6235,3.7959
2022-09-12,3.5987,3.6244,3.5876,3.4781,3.4113,3.4133,3.5425,3.6813,3.8622
2022-09-13,3.7966,3.7974,3.7356,3.5831,3.4837,3.4507,3.5418,3.6553,3.8066
2022-09-14,3.8522,3.8405,3.7663,3.594,3.4821,3.4387,3.5207,3.6283,3.7718
2022-09-15,3.9093,3.9092,3.8347,3.6555,3.5392,3.4909,3.5569,3.644,3.7565
2022-09-16,3.9149,3.8998,3.8085,3.6161,3.5103,3.4908,3.5898,3.6894,3.8085
2022-09-19,3.9869,3.9809,3.8885,3.6828,3.561,3.5207,3.5952,3.6794,3.7816
2022-09-20,4.0325,3.9924,3.9035,3.7553,3.6654,3.6125,3.6427,3.7279,3.9031
2022-09-21,4.0516,4.0669,3.9558,3.7339,3.6114,3.5547,3.586,3.6458,3.737
2022-09-22,4.0845,4.1679,4.0943,3.9099,3.8013,3.7449,3.7592,3.8006,3.8665
2022-09-23,4.1512,4.2475,4.187,3.9612,3.7928,3.694,3.7125,3.7673,3.8398
2022-09-26,4.2212,4.3641,4.3374,4.152,3.9976,3.8894,3.8651,3.8814,3.9078
2022-09-27,4.2405,4.379,4.3637,4.2089,4.0789,3.9955,3.998,4.0319,4.0782
2022-09-28,4.1246,4.1568,4.0924,3.9189,3.8074,3.7612,3.8106,3.873,3.9495
2022-09-29,4.1703,4.228,4.1633,3.9763,3.8569,3.8049,3.8411,3.8891,3.9464
2022-09-30,4.2148,4.2861,4.2307,4.0521,3.9327,3.8767,3.911,3.9622,4.0264
2022-10-03,4.1709,4.1816,4.0983,3.8935,3.7635,3.7141,3.7918,3.8874,4.0076
2022-10-04,4.1685,4.1626,4.0604,3.833,3.6999,3.6608,3.7546,3.857,3.981
2022-10-05,4.2392,4.2102,4.1164,3.9646,3.8731,3.8184,3.846,3.9289,4.1012
2022-10-06,4.2788,4.2886,4.1942,4.0416,3.9471,3.8821,3.8871,3.9504,4.0995
2022-10-07,4.2935,4.37,4.3151,4.1234,3.9878,3.9201,3.9603,4.0232,4.1026
2022-10-11,4.3574,4.3599,4.2783,4.1403,4.0524,3.992,4.0,4.0642,4.2136
2022-10-12,4.337,4.3435,4.2568,4.1133,4.0249,3.9674,3.9818,4.0509,4.2038
2022-10-13,4.4787,4.5096,4.4,4.214,4.0986,4.0197,4.0277,4.1069,4.2912
2022-10-14,4.5079,4.5406,4.4348,4.2528,4.1378,4.0555,4.0543,4.1252,4.3003
2022-10-17,4.4796,4.4961,4.4007,4.2377,4.1367,4.071,4.0876,4.1668,4.3422
2022-10-18,4.4689,4.4701,4.3733,4.2085,4.1074,4.0451,4.0717,4.1607,4.3492
2022-10-19,4.5249,4.5924,4.5233,4.3352,4.219,4.1676,4.2121,4.2825,4.3846
2022-10-20,4.5548,4.6592,4.6179,4.4387,4.3106,4.2523,4.3049,4.377,4.4678
2022-10-21,4.4996,4.5299,4.4707,4.3249,4.2517,4.2616,4.3778,4.4798,4.5971
2022-10-24,4.5169,4.5399,4.479,4.3423,4.2839,4.3119,4.4413,4.5465,4.6649
2022-10-25,4.5072,4.4673,4.4026,4.2709,4.1836,4.1481,4.2352,4.3676,4.5723
2022-10-26,4.4875,4.4657,4.3706,4.186,4.0981,4.1026,4.219,4.3215,4.4391
2022-10-27,4.4626,4.3299,4.2284,4.1002,4.0455,4.0492,4.1536,4.2625,4.3026
2022-10-28,4.5428,4.4672,4.3345,4.1727,4.1158,4.1228,4.212,4.305,4.4331
2022-10-31,4.621,4.5303,4.4006,4.2426,4.1846,4.1877,4.2728,4.3651,4.4954
2022-11-01,4.669,4.5288,4.4185,4.2699,4.1931,4.1635,4.2195,4.2928,4.2965
2022-11-02,4.6897,4.6464,4.5106,4.2701,4.167,4.1805,4.3072,4.3627,4.1974
2022-11-03,4.7524,4.7444,4.5895,4.3241,4.2194,4.2254,4.3196,4.358,4.2378
2022-11-04,4.7286,4.6958,4.5346,4.2996,4.2305,4.2668,4.3841,4.4451,4.387
2022-11-07,4.7733,4.7531,4.5872,4.3519,4.2875,4.3269,4.4433,4.5048,4.4566
2022-11-08,4.7531,4.7039,4.5148,4.2737,4.2083,4.2358,4.3405,4.4152,4.4401
2022-11-09,4.7319,4.6462,4.4576,4.2439,4.1993,4.2425,4.3587,4.441,4.4807
2022-11-10,4.5248,4.3087,4.1464,3.9474,3.8687,3.8845,4.0509,4.2099,4.2595
2022-11-14,4.6004,4.3797,4.2129,4.0056,3.9197,3.927,4.0856,4.2428,4.2984
2022-11-15,4.5693,4.3297,4.1499,3.9294,3.8404,3.8508,4.014,4.1649,4.185
2022-11-16,4.5724,4.3005,4.0942,3.8341,3.7195,3.7094,3.8649,4.022,4.0613
2022-11-17,4.6326,4.3819,4.1889,3.9389,3.8205,3.7935,3.9195,4.0621,4.1124
2022-11-18,4.6844,4.4406,4.2507,3.9994,3.8744,3.8347,3.9464,4.0887,4.1666
2022-11-21,4.7344,4.5381,4.2671,3.9792,3.8958,3.8993,3.9847,4.0687,4.163
2022-11-22,4.7071,4.4479,4.2444,3.9703,3.8272,3.7677,3.86,3.9938,4.0715
2022-11-23,4.7065,4.429,4.2119,3.9207,3.7691,3.7041,3.7901,3.9123,3.9545
2022-11-25,4.6966,4.4069,4.182,3.8843,3.7342,3.6785,3.7831,3.9176,3.9629
2022-11-28,4.7066,4.4203,4.1978,3.9028,3.7529,3.694,3.7873,3.908,3.9294
2022-11-29,4.7092,4.4349,4.2222,3.9414,3.8007,3.7499,3.8495,3.9727,3.9948
2022-11-30,4.6594,4.3488,4.1147,3.8221,3.6937,3.6784,3.8304,3.9726,3.9596
2022-12-01,4.5861,4.2387,3.9812,3.6687,3.5405,3.5376,3.7014,3.8297,3.7523
2022-12-02,4.6122,4.2535,3.988,3.6651,3.5299,3.517,3.6605,3.7668,3.6585
2022-12-05,4.6803,4.363,4.1201,3.8062,3.654,3.602,3.6996,3.8009,3.7446
2022-12-06,4.6474,4.3125,4.0568,3.7271,3.5674,3.5119,3.6095,3.71,3.6495
2022-12-07,4.586,4.2301,3.9614,3.6216,3.4633,3.4163,3.5211,3.6129,3.5149
2022-12-08,4.6145,4.282,4.0291,3.7047,3.548,3.491,3.5707,3.6418,3.5217
2022-12-09,4.6252,4.3017,4.0575,3.7491,3.6066,3.5676,3.6698,3.7564,3.6531
2022-12-12,4.6668,4.35,4.1084,3.7973,3.6466,3.593,3.6776,3.7584,3.6634
2022-12-13,4.5484,4.2163,3.966,3.6514,3.5084,3.4744,3.5912,3.6921,3.608
2022-12-14,4.5528,4.21,3.9528,3.6322,3.4891,3.4594,3.5829,3.6855,3.5962
2022-12-15,4.5597,4.2143,3.9519,3.6171,3.459,3.4116,3.5243,3.6349,3.5809
2022-12-16,4.5093,4.1692,3.9159,3.6052,3.4728,3.4577,3.5965,3.7021,3.5964
2022-12-19,4.5366,4.2247,3.9903,3.6981,3.569,3.5471,3.6738,3.7798,3.6983
2022-12-20,4.5339,4.249,4.0374,3.78,3.6739,3.6706,3.8036,3.9034,3.8076
2022-12-21,4.5004,4.2151,4.0079,3.7644,3.6709,3.677,3.8051,3.896,3.8176
2022-12-22,4.5244,4.2463,4.0376,3.779,3.6673,3.6547,3.7795,3.881,3.7984
2022-12-23,4.5667,4.2968,4.0945,3.844,3.737,3.7288,3.8597,3.9688,3.9015
2022-12-27,4.614,4.3613,4.1715,3.9366,3.8367,3.8311,3.9608,4.0709,4.0137
2022-12-28,4.6081,4.3631,4.1805,3.9578,3.8672,3.8706,4.0053,4.113,4.0455
2022-12-29,4.6321,4.3701,4.174,3.9325,3.8307,3.8261,3.9574,4.065,3.9951
2022-12-30,4.7029,4.4321,4.2295,3.9802,3.8754,3.8708,4.0052,4.1128,4.0305
2023-01-03,4.6695,4.3901,4.1788,3.9132,3.7948,3.776,3.9033,4.0184,3.9686
2023-01-04,4.6492,4.3456,4.1159,3.8268,3.6969,3.6738,3.8075,3.9322,3.8957
2023-01-05,4.7139,4.4107,4.1783,3.8777,3.7325,3.6866,3.7936,3.908,3.881
2023-01-06,4.6127,4.234,3.9655,3.6593,3.5456,3.551,3.6937,3.8007,3.7671
2023-01-09,4.5854,4.1954,3.9261,3.6294,3.5247,3.5341,3.6714,3.779,3.7788
2023-01-10,4.6287,4.2358,3.9691,3.6844,3.5929,3.6169,3.7625,3.865,3.8383
2023-01-11,4.6139,4.2007,3.9212,3.624,3.5288,3.5524,3.698,3.7977,3.7629
2023-01-12,4.5678,4.1191,3.817,3.4998,3.4024,3.4342,3.5923,3.6939,3.6457
2023-01-13,4.5999,4.1953,3.9053,3.5719,3.4502,3.4659,3.6386,3.7524,3.653
2023-01-17,4.5766,4.1519,3.8671,3.5698,3.4802,3.5132,3.6666,3.7649,3.7162
2023-01-18,4.5238,4.0428,3.7256,3.4013,3.307,3.3449,3.513,3.6284,3.6169
2023-01-19,4.5702,4.0848,3.7663,3.4411,3.3449,3.3781,3.5396,3.6535,3.651
2023-01-20,4.59,4.136,3.8336,3.5189,3.4231,3.4552,3.6197,3.7389,3.7407
2023-01-23,4.6215,4.1875,3.8913,3.5722,3.4671,3.4897,3.6489,3.7666,3.7631
2023-01-24,4.6127,4.1669,3.8631,3.5338,3.4204,3.4319,3.5787,3.6934,3.7024
2023-01-25,4.613,4.1529,3.8439,3.5168,3.4107,3.4315,3.586,3.7019,3.7064
2023-01-26,4.6434,4.1925,3.8871,3.5589,3.4477,3.4601,3.602,3.7069,3.6933
2023-01-27,4.6614,4.2106,3.9083,3.5872,3.4795,3.4902,3.6215,3.7173,3.7018
2023-01-30,4.6742,4.2525,3.9615,3.6384,3.519,3.5152,3.6388,3.7372,3.7267
2023-01-31,4.6559,4.2041,3.904,3.5895,3.4871,3.5016,3.6338,3.7308,3.7257
2023-02-01,4.6023,4.0811,3.7524,3.4332,3.3454,3.3776,3.5192,3.6185,3.6305
2023-02-02,4.5871,4.0859,3.7634,3.4414,3.3474,3.3755,3.5197,3.6233,3.6345
2023-02-03,4.725,4.2825,3.9735,3.626,3.4962,3.4914,3.6211,3.7163,3.6736
2023-02-06,4.7982,4.4069,4.1178,3.7638,3.6073,3.5682,3.676,3.7637,3.6771
2023-02-07,4.8123,4.433,4.1506,3.8015,3.6462,3.6098,3.7262,3.8193,3.7165
2023-02-08,4.8167,4.4123,4.1191,3.7707,3.6261,3.6022,3.7199,3.8076,3.7254
2023-02-09,4.8353,4.459,4.1773,3.8262,3.668,3.6293,3.7492,3.849,3.7512
2023-02-10,4.8573,4.477,4.2022,3.8762,3.7401,3.7153,3.8225,3.9086,3.8536
2023-02-13,4.8716,4.4991,4.2213,3.8761,3.7193,3.6752,3.7784,3.868,3.7866
2023-02-14,4.9355,4.584,4.3141,3.9619,3.7857,3.7132,3.7934,3.8825,3.8029
2023-02-15,5.0071,4.6088,4.2826,3.9904,3.8883,3.8432,3.851,3.882,3.938
2023-02-16,4.9421,4.6055,4.3493,4.0211,3.8649,3.8151,3.9179,4.0148,3.9266
2023-02-17,4.954,4.5872,4.3145,3.9773,3.8261,3.787,3.8923,3.98,3.8909
2023-02-21,5.0041,4.6765,4.4275,4.1096,3.9587,3.9106,4.0053,4.0884,3.972
2023-02-22,5.0817,4.6805,4.3715,4.1057,4.0122,3.9676,3.9678,3.9899,4.0324
2023-02-23,5.0629,4.6661,4.3485,4.0699,3.9705,3.922,3.9198,3.9411,3.9831
2023-02-24,5.1046,4.7746,4.4614,4.1609,4.0501,3.9948,3.9889,4.008,4.0438
2023-02-27,5.095,4.7523,4.431,4.1272,4.0194,3.971,3.9758,4.0026,4.0453
2023-02-28,5.1137,4.7729,4.4427,4.1261,4.0139,3.9645,3.9706,3.9982,4.0389
2023-03-01,5.1607,4.8616,4.5392,4.2207,4.1067,4.0539,4.0484,4.0584,4.0569
2023-03-02,5.173,4.8716,4.5672,4.2789,4.1755,4.1246,4.1134,4.1176,4.112
2023-03-03,5.1555,4.8463,4.5293,4.2105,4.0877,4.0192,3.9921,3.9882,3.9772
2023-03-06,5.1288,4.8197,4.5768,4.246,4.0641,3.9604,3.9828,4.037,3.9508
2023-03-07,5.3015,4.9842,4.6383,4.2617,4.0941,3.9902,3.9555,3.9697,4.0121
2023-03-08,5.3352,5.0343,4.6828,4.2856,4.1053,3.9914,3.9504,3.9635,4.0075
2023-03-09,5.253,4.8758,4.5326,4.1774,4.0246,3.9386,3.9285,3.9609,4.025
2023-03-10,5.0353,4.5988,4.2726,3.9371,3.7859,3.7009,3.706,3.7628,3.8741
2023-03-13,4.4399,4.083,3.8707,3.6605,3.5856,3.5775,3.6548,3.7449,3.8761
2023-03-14,4.5896,4.2463,4.0189,3.7685,3.6673,3.6428,3.7168,3.81,3.946
2023-03-15,4.3084,3.979,3.7884,3.5927,3.52,3.5184,3.6162,3.7281,3.8912
2023-03-16,4.5201,4.2023,3.9734,3.7041,3.5945,3.5818,3.6906,3.7866,3.7853
2023-03-17,4.2703,3.8641,3.6523,3.4686,3.4188,3.4413,3.5547,3.6665,3.8183
2023-03-20,4.3445,3.9722,3.7693,3.5821,3.522,3.5286,3.6233,3.7258,3.872
2023-03-21,4.5515,4.2021,3.9747,3.7325,3.6419,3.6292,3.7089,3.7984,3.9217
2023-03-22,4.4331,3.9981,3.7577,3.5496,3.4987,3.5267,3.6417,3.7482,3.8868
2023-03-23,4.2747,3.7966,3.5697,3.4036,3.3791,3.4318,3.5796,3.7138,3.8915
2023-03-24,4.2418,3.7933,3.5796,3.4163,3.3858,3.4295,3.5685,3.6992,3.8751
2023-03-27,4.4223,4.0162,3.7918,3.5945,3.5446,3.5742,3.7005,3.8224,3.9868
2023-03-28,4.4665,4.0826,3.8517,3.6308,3.5663,3.5865,3.7064,3.8235,3.9801
2023-03-29,4.4957,4.1168,3.8847,3.6591,3.5912,3.6077,3.7217,3.8335,3.9828
2023-03-30,4.5404,4.1325,3.8841,3.6446,3.5723,3.5855,3.6938,3.7998,3.9404
2023-03-31,4.5352,4.0792,3.8177,3.5796,3.5105,3.5217,3.6241,3.7282,3.8716
2023-04-03,4.5043,4.0033,3.7295,3.4981,3.442,3.4675,3.5827,3.6943,3.8463
2023-04-04,4.4021,3.8665,3.5904,3.3791,3.3434,3.39,3.5255,3.649,3.8143
2023-04-05,4.3528,3.8215,3.5526,3.3457,3.3049,3.3413,3.4714,3.6009,3.7858
2023-04-06,4.3854,3.8527,3.5756,3.3518,3.3011,3.3322,3.4601,3.5864,3.7623
2023-04-07,4.5102,4.0076,3.7203,3.4653,3.3972,3.4164,3.532,3.6492,3.8149
2023-04-10,4.5276,4.0225,3.7412,3.4924,3.4215,3.4335,3.5448,3.6637,3.8357
2023-04-11,4.5316,4.0523,3.771,3.511,3.4354,3.4475,3.557,3.6684,3.8226
2023-04-12,4.502,3.9744,3.6824,3.4387,3.3871,3.4265,3.5604,3.6834,3.8478
2023-04-13,4.5034,3.9884,3.7081,3.4799,3.4341,3.4729,3.602,3.7242,3.8939
2023-04-14,4.606,4.1063,3.8212,3.5725,3.512,3.5402,3.6612,3.7764,3.9332
2023-04-17,4.6607,4.1848,3.9065,3.6561,3.5913,3.6146,3.7306,3.8427,3.9963
2023-04-18,4.6793,4.203,3.9145,3.6449,3.5713,3.5937,3.7138,3.8265,3.9756
2023-04-19,4.7078,4.25,3.9616,3.6786,3.5946,3.6106,3.7262,3.8325,3.968
2023-04-20,4.6443,4.1557,3.8632,3.5966,3.5299,3.5603,3.6839,3.7935,3.9339
2023-04-21,4.6661,4.1728,3.8826,3.6233,3.5606,3.5919,3.7137,3.8222,3.962
2023-04-24,4.6447,4.1224,3.823,3.5637,3.5042,3.5382,3.6628,3.7751,3.9221
2023-04-25,4.5074,3.9165,3.6187,3.4032,3.3749,3.4282,3.5662,3.6918,3.8646
2023-04-26,4.5439,3.9544,3.6535,3.4338,3.4057,3.4623,3.6046,3.7324,3.9067
2023-04-27,4.6675,4.1195,3.8169,3.569,3.5201,3.5607,3.6877,3.8025,3.9567
2023-04-28,4.6687,4.076,3.7502,3.4855,3.4334,3.4729,3.5969,3.709,3.8614
2023-05-01,4.72,4.1586,3.8485,3.6003,3.5597,3.6124,3.7495,3.8679,4.0257
2023-05-02,4.6047,3.9994,3.6734,3.4243,3.393,3.4598,3.6148,3.7458,3.9186
2023-05-03,4.573,3.923,3.5813,3.3364,3.3216,3.4101,3.5854,3.726,3.9073
2023-05-04,4.4538,3.7848,3.4641,3.2712,3.2876,3.3981,3.5935,3.7501,3.9539
2023-05-05,4.5649,3.9381,3.6122,3.3837,3.375,3.467,3.6453,3.7873,3.9683
2023-05-08,4.6276,4.0162,3.6949,3.4652,3.4536,3.5434,3.7214,3.8639,4.0456
2023-05-09,4.6368,4.032,3.7083,3.473,3.4614,3.556,3.7397,3.8834,4.064
2023-05-10,4.5629,3.9075,3.5755,3.3576,3.3652,3.478,3.6799,3.8365,4.0332
2023-05-11,4.5617,3.9022,3.5681,3.3381,3.3287,3.4216,3.611,3.7673,3.9696
2023-05-12,4.6133,3.9842,3.659,3.4259,3.4078,3.4887,3.6638,3.8115,4.0056
2023-05-15,4.6277,3.9866,3.659,3.4365,3.4349,3.5357,3.7241,3.8711,4.0545
2023-05-16,4.6902,4.055,3.7228,3.4896,3.4829,3.581,3.7645,3.9052,4.0782
2023-05-17,4.7391,4.1291,3.7994,3.5472,3.5217,3.6085,3.7933,3.9267,4.0199
2023-05-18,4.8378,4.2485,3.9206,3.6559,3.6169,3.689,3.8565,3.9743,4.0377
2023-05-19,4.8501,4.2772,3.9627,3.7126,3.6766,3.7442,3.9013,4.0142,4.0834
2023-05-22,4.8849,4.2945,3.9725,3.7209,3.6892,3.7638,3.9269,4.0394,4.0981
2023-05-23,4.9043,4.316,3.9836,3.7112,3.6704,3.7454,3.9172,4.0322,4.0738
2023-05-24,4.971,4.3725,4.0298,3.7432,3.6958,3.7682,3.9395,4.0518,4.0807
2023-05-25,5.0856,4.5383,4.2008,3.8854,3.8087,3.8555,4.0074,4.103,4.0868
2023-05-26,5.1201,4.5803,4.2374,3.9008,3.8053,3.8348,3.9746,4.0643,4.035
2023-05-30,5.0719,4.4689,4.1089,3.7818,3.7014,3.7407,3.8845,3.9871,4.0185
2023-05-31,5.0305,4.396,4.0294,3.7103,3.6394,3.6854,3.8302,3.9321,3.9678
2023-06-01,4.9858,4.341,3.9759,3.6676,3.6047,3.6558,3.8025,3.9067,3.9531
2023-06-02,5.0829,4.4907,4.1325,3.7983,3.7071,3.7315,3.8588,3.9541,3.9872
2023-06-05,5.0504,4.4622,4.1089,3.7832,3.6979,3.7274,3.8594,3.9582,3.9984
2023-06-06,5.0679,4.5,4.146,3.8034,3.7043,3.7253,3.8544,3.9473,3.9583
2023-06-07,5.0862,4.5435,4.2079,3.8885,3.8012,3.8284,3.9539,4.0368,4.0261
2023-06-08,5.0512,4.5113,4.167,3.8256,3.7247,3.7477,3.8838,3.9778,3.9691
2023-06-09,5.0997,4.5738,4.2298,3.8742,3.7571,3.7632,3.8861,3.974,3.9557
2023-06-12,5.0906,4.5466,4.1976,3.847,3.7385,3.7528,3.8783,3.9637,3.9412
2023-06-13,5.1359,4.6546,4.3267,3.9693,3.8412,3.8384,3.9608,4.043,3.9732
2023-06-14,5.1792,4.7247,4.396,4.0057,3.842,3.8088,3.9233,4.0047,3.8964
2023-06-15,5.1094,4.6025,4.2525,3.8651,3.7232,3.7179,3.8522,3.9451,3.883
2023-06-16,5.1403,4.6802,4.3443,3.942,3.7733,3.7449,3.8807,3.976,3.8513
2023-06-20,5.1339,4.6594,4.3167,3.9113,3.7437,3.7149,3.8435,3.935,3.8311
2023-06-21,5.1402,4.659,4.3113,3.8997,3.729,3.6981,3.8258,3.9169,3.8122
2023-06-22,5.1915,4.7306,4.3912,3.9786,3.8003,3.7634,3.8974,3.9948,3.8636
2023-06-23,5.1814,4.6911,4.3418,3.9345,3.767,3.7322,3.8426,3.9246,3.8435
2023-06-26,5.1809,4.6695,4.312,3.9059,3.7459,3.7194,3.8346,3.9219,3.8657
2023-06-27,5.2381,4.7501,4.3945,3.9672,3.7838,3.7412,3.8621,3.9519,3.8409
2023-06-28,5.2185,4.7136,4.3466,3.9083,3.7235,3.6872,3.8222,3.9206,3.8098
2023-06-29,5.3223,4.8742,4.4942,4.0626,3.9194,3.8996,3.949,3.985,4.0224
2023-06-30,5.3818,4.8475,4.4566,4.0729,3.9121,3.8322,3.8503,3.9118,4.0176
2023-07-03,5.4023,4.9157,4.5299,4.1375,3.9663,3.8723,3.8742,3.9282,4.0308
2023-07-05,5.3806,4.9152,4.5527,4.1928,4.0406,3.9609,3.9676,4.0162,4.1034
2023-07-06,5.407,4.9696,4.6368,4.3058,4.1578,4.0675,4.0496,4.0809,4.1528
2023-07-07,5.3766,4.9113,4.5958,4.2909,4.1579,4.0829,4.0811,4.1211,4.1998
2023-07-10,5.2729,4.8415,4.5344,4.1856,4.0479,4.0116,4.0663,4.1217,4.1856
2023-07-11,5.29,4.8508,4.5434,4.1884,4.0356,3.9788,4.0268,4.0941,4.1833
2023-07-12,5.1986,4.7163,4.3821,4.009,3.8692,3.8584,3.9796,4.0623,3.9867
2023-07-13,5.117,4.5834,4.2325,3.8696,3.7532,3.7679,3.9058,3.9978,3.9564
2023-07-14,5.1883,4.7178,4.3773,3.9755,3.8128,3.7949,3.9436,4.0471,3.9365
2023-07-17,5.1807,4.7004,4.3552,3.9522,3.793,3.7814,3.9374,4.0465,3.9503
2023-07-18,5.18,4.7048,4.358,3.944,3.774,3.7548,3.9149,4.0279,3.9071
2023-07-19,5.1857,4.7049,4.3499,3.9178,3.7325,3.6998,3.8547,3.968,3.8327
2023-07-20,5.2193,4.7697,4.4348,4.0215,3.8393,3.8003,3.9414,4.0441,3.887
2023-07-21,5.2264,4.7804,4.4468,4.0314,3.8441,3.7964,3.9299,4.0367,3.9081
2023-07-24,5.256,4.8102,4.4815,4.0832,3.9057,3.8406,3.8997,3.9775,4.0759
2023-07-25,5.2835,4.8403,4.5215,4.139,3.9642,3.8895,3.9314,4.0019,4.0984
2023-07-26,5.265,4.8299,4.4619,4.0388,3.8983,3.8872,3.9547,4.0034,4.0541
2023-07-27,5.3038,4.8862,4.583,4.2182,4.0542,3.9904,4.0422,4.1163,4.2138
2023-07-28,5.2815,4.8369,4.5215,4.1512,3.99,3.9348,4.0067,4.1031,4.2358
2023-07-31,5.2752,4.8502,4.5092,4.1203,3.9885,3.9774,4.0456,4.0965,4.1501
2023-08-01,5.3311,4.8785,4.5224,4.1921,4.0825,4.0579,4.1159,4.1829,4.2731
2023-08-02,5.2657,4.8462,4.5424,4.1967,4.0688,4.0573,4.1553,4.2423,4.3416
2023-08-03,5.2626,4.865,4.5803,4.2551,4.1405,4.1656,4.3453,4.449,4.2843
2023-08-04,5.1977,4.7497,4.4388,4.1001,3.9917,4.0287,4.2144,4.3248,4.2173
2023-08-07,5.2043,4.7423,4.4325,4.1125,4.0233,4.0754,4.2632,4.3749,4.2965
2023-08-08,5.1956,4.7172,4.3937,4.0542,3.9542,4.0002,4.1891,4.3047,4.2316
2023-08-09,5.2237,4.7569,4.4327,4.0771,3.9588,3.9872,4.1687,4.284,4.2009
2023-08-10,5.2353,4.7874,4.4823,4.1567,4.0546,4.0874,4.2554,4.3608,4.2876
2023-08-11,5.2615,4.8551,4.5704,4.2528,4.1417,4.1572,4.3055,4.3962,4.2899
2023-08-14,5.284,4.9119,4.6363,4.3016,4.1629,4.1533,4.3072,4.4139,4.2632
2023-08-15,5.2724,4.8936,4.621,4.3052,4.187,4.196,4.3491,4.4447,4.3113
2023-08-16,5.2867,4.9314,4.6719,4.3649,4.2458,4.2516,4.4066,4.5043,4.3479
2023-08-17,5.2657,4.9046,4.6502,4.3657,4.2685,4.2909,4.4407,4.5286,4.4051
2023-08-18,5.245,4.8824,4.623,4.3269,4.2225,4.2457,4.4119,4.5117,4.3706
2023-08-21,5.2813,4.9367,4.6884,4.4028,4.3025,4.3293,4.5008,4.5983,4.4209
2023-08-22,5.3399,4.9838,4.6938,4.4312,4.3662,4.3776,4.4491,4.5037,4.5281
2023-08-23,5.2639,4.8977,4.6294,4.3095,4.1817,4.179,4.3249,4.4154,4.2475
2023-08-24,5.3023,4.9365,4.6673,4.3441,4.2139,4.2109,4.3602,4.45,4.258
2023-08-25,5.3386,4.9782,4.7105,4.3835,4.2445,4.2262,4.358,4.4442,4.2696
2023-08-28,5.3305,4.9525,4.6733,4.3359,4.1972,4.1885,4.3386,4.4339,4.252
2023-08-29,5.2607,4.8466,4.5528,4.2195,4.0998,4.1142,4.2716,4.3636,4.2245
2023-08-30,5.2693,4.8492,4.5555,4.2293,4.1157,4.131,4.2771,4.3609,4.2359
2023-08-31,5.263,4.8177,4.5158,4.1928,4.086,4.1027,4.2394,4.3213,4.2277
2023-09-01,5.2568,4.8299,4.5446,4.2486,4.1617,4.1972,4.3446,4.4221,4.3022
2023-09-05,5.3039,4.9105,4.6346,4.3296,4.2294,4.2605,4.4255,4.5133,4.3571
2023-09-06,5.3855,4.9752,4.6647,4.4015,4.3333,4.3343,4.3936,4.4468,4.4899
2023-09-07,5.2999,4.9136,4.6412,4.3367,4.2327,4.2561,4.4113,4.495,4.3404
2023-09-08,5.3087,4.9308,4.6602,4.3487,4.233,4.2409,4.3838,4.4663,4.3151
2023-09-11,5.3088,4.9286,4.6604,4.3589,4.2529,4.2692,4.4144,4.4987,4.369
2023-09-12,5.3195,4.9494,4.6802,4.363,4.2401,4.2438,4.3948,4.4866,4.323
2023-09-13,5.3078,4.9271,4.6543,4.3397,4.2225,4.2304,4.3775,4.467,4.3316
2023-09-14,5.3114,4.9521,4.6886,4.375,4.2528,4.2598,4.4244,4.53,4.3679
2023-09-15,5.3603,4.9746,4.6732,4.4136,4.3485,4.3561,4.4275,4.4921,4.5533
2023-09-18,5.3762,4.9993,4.6937,4.4197,4.346,4.3467,4.4117,4.4718,4.5258
2023-09-19,5.4036,5.0323,4.7507,4.4815,4.3889,4.3729,4.4379,4.5097,4.6056
2023-09-20,5.4276,5.0568,4.7678,4.4822,4.3792,4.353,4.4082,4.4749,4.5662
2023-09-21,5.4012,5.068,4.7984,4.565,4.5095,4.5216,4.5908,4.6488,4.6943
2023-09-22,5.3878,5.0413,4.7646,4.5246,4.4657,4.4756,4.5457,4.6077,4.6647
2023-09-25,5.3959,5.0434,4.7805,4.5777,4.5494,4.5921,4.6922,4.7639,4.808
2023-09-26,5.396,5.0499,4.7868,4.583,4.5587,4.61,4.7216,4.7996,4.8445
2023-09-27,5.4322,5.1023,4.8442,4.6448,4.6218,4.6716,4.7756,4.8428,4.8655
2023-09-28,5.3923,5.0281,4.7741,4.5951,4.5875,4.6518,4.7662,4.8341,4.8454
2023-09-29,5.3864,5.0105,4.7506,4.574,4.5769,4.657,4.7872,4.8586,4.8565
2023-10-02,5.4113,5.0703,4.8321,4.6738,4.6795,4.7548,4.8717,4.9311,4.9144
2023-10-03,5.4207,5.1131,4.8992,4.766,4.7868,4.8778,5.0103,5.0772,5.0628
2023-10-04,5.3636,5.0089,4.7957,4.6805,4.7082,4.8003,4.9312,4.9988,4.9928
2023-10-05,5.3316,4.9907,4.7732,4.6485,4.6824,4.7919,4.9453,5.022,5.0064
2023-10-06,5.3407,5.0375,4.8503,4.6977,4.7072,4.8328,5.043,5.1207,4.9187
2023-10-10,5.2795,4.9324,4.728,4.5748,4.5942,4.7277,4.9348,5.0121,4.8516
2023-10-11,5.2858,4.9486,4.735,4.5444,4.5281,4.6283,4.8183,4.8937,4.7151
2023-10-12,5.3469,5.0176,4.7979,4.6519,4.6745,4.7789,4.9291,4.9995,4.9642
2023-10-13,5.3298,5.0009,4.7706,4.6003,4.6083,4.7026,4.8472,4.9163,4.8802
2023-10-16,5.3465,5.0402,4.8259,4.666,4.6832,4.7934,4.953,5.0199,4.9507
2023-10-17,5.4044,5.1505,4.9619,4.8095,4.8154,4.9044,5.034,5.0806,4.9941
2023-10-18,5.3813,5.1524,5.0041,4.8709,4.8653,4.9545,5.1201,5.179,4.9756
2023-10-19,5.3374,5.112,4.981,4.8946,4.9308,5.0584,5.2391,5.2909,5.0883
2023-10-20,5.2999,5.0339,4.8915,4.8154,4.8684,5.01,5.197,5.2613,5.1284
2023-10-23,5.3024,5.0074,4.8507,4.7603,4.8026,4.9284,5.0989,5.1639,5.0683
2023-10-24,5.322,5.035,4.8739,4.7662,4.7942,4.9077,5.0654,5.1148,4.9762
2023-10-25,5.3428,5.0864,4.9458,4.8625,4.904,5.0289,5.1958,5.2482,5.107
2023-10-26,5.3071,5.0098,4.8538,4.7675,4.8129,4.9397,5.1046,5.1603,5.0463
2023-10-27,5.2902,4.9683,4.8059,4.7264,4.7839,4.9263,5.1096,5.1785,5.0823
2023-10-30,5.3009,4.9932,4.8378,4.7626,4.8197,4.9585,5.1325,5.1906,5.0756
2023-10-31,5.3243,5.0209,4.8618,4.7747,4.8231,4.9559,5.1273,5.1837,5.06
2023-11-01,5.2597,4.9001,4.7223,4.6359,4.6944,4.8395,5.0277,5.1036,5.0246
2023-11-02,5.2695,4.936,4.7443,4.6028,4.6162,4.7242,4.8915,4.9589,4.8564
2023-11-03,5.1703,4.7841,4.579,4.4527,4.4908,4.627,4.8209,4.9053,4.8313
2023-11-06,5.2211,4.8843,4.6941,4.5622,4.588,4.714,4.903,4.9818,4.8822
2023-11-07,5.2148,4.8552,4.6497,4.4976,4.5092,4.62,4.7975,4.8784,4.8039
2023-11-08,5.2506,4.8664,4.6305,4.4782,4.4853,4.5622,4.6868,4.7582,4.7685
2023-11-09,5.3094,4.9643,4.7438,4.6095,4.6266,4.7111,4.8372,4.9035,4.8977
2023-11-10,5.3092,4.9865,4.7669,4.6163,4.6201,4.6916,4.8059,4.8668,4.8591
2023-11-13,5.3099,4.9685,4.7555,4.624,4.6347,4.7074,4.8208,4.8838,4.8879
2023-11-14,5.1498,4.7562,4.5359,4.3769,4.3899,4.503,4.6826,4.7667,4.7044
2023-11-15,5.1952,4.8541,4.647,4.4763,4.4744,4.5811,4.7651,4.8413,4.7106
2023-11-16,5.153,4.7789,4.5585,4.387,4.3938,4.5124,4.7078,4.7921,4.6821
2023-11-17,5.1754,4.8263,4.6043,4.4037,4.3832,4.4831,4.6805,4.7675,4.613
2023-11-20,5.1836,4.8276,4.6001,4.3914,4.3652,4.4593,4.6515,4.7365,4.5829
2023-11-21,5.1675,4.8011,4.5708,4.3675,4.351,4.458,4.6608,4.7468,4.5857
2023-11-22,5.1949,4.8246,4.5935,4.3898,4.3703,4.4672,4.6497,4.7222,4.5632
2023-11-24,5.2256,4.8741,4.6292,4.4474,4.4547,4.5519,4.6969,4.7591,4.6993
2023-11-27,5.1793,4.8031,4.5678,4.3605,4.3419,4.4438,4.6337,4.7067,4.5303
2023-11-28,5.1196,4.6962,4.4521,4.2693,4.2822,4.4127,4.6155,4.6937,4.5559
2023-11-29,5.0567,4.6052,4.3624,4.1992,4.2215,4.3452,4.5244,4.5955,4.4984
2023-11-30,5.0849,4.6761,4.4468,4.2849,4.3065,4.4365,4.6284,4.7004,4.5727
2023-12-01,4.976,4.5101,4.2709,4.1245,4.1581,4.2886,4.4732,4.5533,4.4852
2023-12-04,5.0186,4.5928,4.363,4.2077,4.2282,4.3451,4.5158,4.5844,4.4944
2023-12-05,4.9816,4.5282,4.2866,4.121,4.133,4.2365,4.3907,4.4539,4.376
2023-12-06,4.9915,4.547,4.293,4.0923,4.0789,4.1636,4.309,4.3692,4.2808
2023-12-07,4.9691,4.5264,4.2779,4.0898,4.0866,4.181,4.3331,4.3943,4.3021
2023-12-08,5.0356,4.6496,4.4145,4.2105,4.1853,4.2619,4.4069,4.4628,4.3394
2023-12-11,5.0407,4.6513,4.4161,4.2147,4.1922,4.2709,4.4175,4.4758,4.3612
2023-12-12,5.042,4.6556,4.4122,4.1891,4.1528,4.2279,4.3871,4.4542,4.3218
2023-12-13,4.8854,4.4151,4.16,3.9774,3.9824,4.0861,4.2527,4.332,4.2808
2023-12-14,4.8174,4.3201,4.0618,3.8802,3.8765,3.9582,4.0967,4.1701,4.1532
2023-12-15,4.8534,4.3754,4.1052,3.8889,3.8647,3.9365,4.0739,4.1428,4.0985
2023-12-18,4.8569,4.3846,4.1231,3.9206,3.9032,3.9777,4.1153,4.1867,4.155
2023-12-19,4.841,4.3684,4.1107,3.9142,3.8979,3.9694,4.1014,4.1717,4.1489
2023-12-20,4.7885,4.2875,4.0283,3.8417,3.8295,3.8995,4.0315,4.1126,4.1317
2023-12-21,4.768,4.2784,4.0294,3.8568,3.8526,3.929,4.0659,4.1495,4.1713
2023-12-22,4.7549,4.2495,4.0083,3.855,3.86,3.9402,4.0789,4.1676,4.2083
2023-12-26,4.7529,4.2717,4.0297,3.8626,3.8574,3.9299,4.0651,4.1546,4.1999
2023-12-27,4.7177,4.2093,3.9575,3.7705,3.7466,3.8044,3.9397,4.0463,4.1726
2023-12-28,4.7477,4.2438,3.9976,3.8194,3.7973,3.8502,3.9745,4.074,4.1936
2023-12-29,4.7094,4.2132,3.9768,3.8263,3.8304,3.9084,4.0465,4.1383,4.191
2024-01-02,4.745,4.2893,4.0603,3.9016,3.8957,3.9637,4.0937,4.1832,4.2388
2024-01-03,4.7474,4.2743,4.0357,3.8694,3.8623,3.9315,4.0641,4.1542,4.2064
2024-01-04,4.7691,4.3302,4.1018,3.9402,3.9372,4.0139,4.154,4.2434,4.2787
2024-01-05,4.7635,4.3435,4.1292,3.9853,3.9915,4.0752,4.2204,4.3124,4.3508
2024-01-08,4.7467,4.2999,4.0787,3.9364,3.9467,4.0344,4.1832,4.2776,4.3197
2024-01-09,4.7547,4.3056,4.0847,3.9421,3.9502,4.0346,4.1815,4.2787,4.3337
2024-01-10,4.7475,4.3077,4.0915,3.9543,3.9664,4.0554,4.2071,4.3064,4.3608
2024-01-11,4.6879,4.2077,3.9954,3.881,3.9068,4.0058,4.1695,4.2835,4.3733
2024-01-12,4.5736,4.0813,3.8935,3.8194,3.8662,3.9817,4.1617,4.2892,4.4041
2024-01-16,4.6355,4.1697,3.9876,3.9206,3.9753,4.0998,4.2843,4.4057,4.4929
2024-01-17,4.7248,4.2806,4.0861,3.9885,4.0224,4.1272,4.2928,4.4037,4.4824
2024-01-18,4.7192,4.2858,4.0972,4.009,4.0517,4.1682,4.3479,4.467,4.5502
2024-01-19,4.7544,4.3373,4.1419,4.0355,4.0681,4.1771,4.3483,4.4577,4.5182
2024-01-22,4.7478,4.3148,4.1069,3.9872,4.0156,4.1256,4.3034,4.4195,4.4887
2024-01-23,4.7403,4.3103,4.1141,4.0139,4.0529,4.1701,4.3525,4.4716,4.547
2024-01-24,4.7503,4.3409,4.1492,4.0502,4.0909,4.2114,4.3955,4.5106,4.5688
2024-01-25,4.708,4.2713,4.0811,3.9958,4.0447,4.17,4.3571,4.4759,4.5456
2024-01-26,4.7248,4.3073,4.1184,4.0255,4.0671,4.1847,4.3636,4.4771,4.5411
2024-01-29,4.695,4.2532,4.051,3.9452,3.9813,4.0963,4.2781,4.3982,4.4779
2024-01-30,4.7317,4.3043,4.0958,3.9685,3.9878,4.0862,4.2528,4.3657,4.4418
2024-01-31,4.6771,4.2146,4.0006,3.879,3.9037,4.0073,4.1826,4.3069,4.4098
2024-02-01,4.6226,4.14,3.9219,3.7747,3.7772,3.8695,4.0477,4.1804,4.3338
2024-02-02,4.7691,4.3153,4.0982,3.9604,3.9672,4.0471,4.1933,4.2997,4.3888
2024-02-05,4.8214,4.4146,4.2165,4.0913,4.102,4.1836,4.3276,4.4284,4.5034
2024-02-06,4.7717,4.3405,4.1346,4.007,4.0188,4.1035,4.255,4.3652,4.4597
2024-02-07,4.7788,4.3561,4.1516,4.0235,4.0353,4.121,4.2739,4.3841,4.4758
2024-02-08,4.7948,4.3974,4.2061,4.0898,4.1062,4.1931,4.3416,4.444,4.5179
2024-02-09,4.8097,4.4173,4.2276,4.1103,4.1235,4.2056,4.3485,4.4484,4.5236
2024-02-12,4.8101,4.411,4.2169,4.0971,4.1123,4.1993,4.3483,4.4501,4.5205
2024-02-13,4.9432,4.5936,4.4053,4.2681,4.2665,4.3372,4.467,4.55,4.5821
2024-02-14,4.8912,4.5266,4.3391,4.2129,4.2202,4.2993,4.4391,4.5327,4.5874
2024-02-15,4.8839,4.5078,4.3138,4.1833,4.1911,4.2726,4.4132,4.5025,4.541
2024-02-16,4.9286,4.5865,4.395,4.2496,4.2466,4.3226,4.4597,4.5397,4.543
2024-02-20,4.8951,4.5377,4.3462,4.2121,4.2193,4.3043,4.4492,4.5353,4.5519
2024-02-21,4.9294,4.5834,4.3953,4.2608,4.2666,4.3508,4.496,4.5821,4.5966
2024-02-22,4.9618,4.6332,4.4433,4.2905,4.2794,4.3483,4.4818,4.5615,4.5653
2024-02-23,4.9476,4.6166,4.4142,4.2358,4.2099,4.2726,4.4066,4.4795,4.4416
2024-02-26,4.977,4.6478,4.445,4.2627,4.2327,4.2911,4.4239,4.5003,4.4741
2024-02-27,4.9779,4.6559,4.457,4.2798,4.2547,4.321,4.4642,4.5442,4.5096
2024-02-28,4.9467,4.6006,4.3981,4.2316,4.2163,4.286,4.4228,4.5008,4.4879
2024-02-29,4.9458,4.5957,4.3901,4.2187,4.1995,4.2644,4.3957,4.4708,4.457
2024-03-01,4.8768,4.4906,4.2821,4.1298,4.1276,4.204,4.34,4.4203,4.4303
2024-03-04,4.927,4.5585,4.3461,4.1749,4.1609,4.2331,4.3718,4.45,4.4369
2024-03-05,4.892,4.498,4.2752,4.0965,4.0771,4.1408,4.272,4.3546,4.3724
2024-03-06,4.9042,4.5143,4.2833,4.0826,4.0473,4.1003,4.2306,4.3188,4.3469
2024-03-07,4.8736,4.4631,4.2315,4.044,4.0206,4.083,4.2209,4.3171,4.3684
2024-03-08,4.8593,4.4433,4.2109,4.0285,4.0127,4.0856,4.234,4.333,4.3763
2024-03-11,4.8898,4.4783,4.2429,4.0489,4.023,4.0861,4.2282,4.3275,4.3788
2024-03-12,4.9375,4.5474,4.3174,4.1202,4.0893,4.149,4.2892,4.3849,4.422
2024-03-13,4.9468,4.5717,4.3474,4.1518,4.1199,4.1791,4.32,4.4154,4.4475
2024-03-14,4.9845,4.6389,4.4322,4.2534,4.2276,4.2884,4.4247,4.5128,4.5297
2024-03-15,4.9918,4.6734,4.4727,4.2848,4.2475,4.2994,4.4324,4.5152,4.5033
2024-03-18,5.0015,4.6868,4.4907,4.3103,4.2766,4.3287,4.4582,4.5396,4.5361
2024-03-19,4.9907,4.6398,4.4356,4.264,4.2397,4.295,4.4202,4.5051,4.5392
2024-03-20,4.9408,4.5632,4.3629,4.2159,4.2089,4.2752,4.4077,4.5038,4.5758
2024-03-21,4.9519,4.5812,4.3778,4.2214,4.2094,4.2739,4.4071,4.5018,4.564
2024-03-22,4.9236,4.5358,4.326,4.1654,4.1506,4.2114,4.3423,4.4406,4.5203
2024-03-25,4.9358,4.5594,4.3538,4.1959,4.1827,4.2456,4.3782,4.4754,4.5473
2024-03-26,4.9469,4.5679,4.3565,4.1884,4.1697,4.2298,4.3614,4.4566,4.5204
2024-03-27,4.9214,4.5435,4.3273,4.1496,4.1264,4.1859,4.3193,4.4133,4.4651
2024-03-28,4.9541,4.5967,4.3763,4.1738,4.1323,4.1817,4.3157,4.4086,4.4369
2024-04-01,4.9981,4.6791,4.4779,4.2898,4.2529,4.3067,4.4458,4.5368,4.5426
2024-04-02,4.971,4.6629,4.4734,4.3057,4.2835,4.3497,4.4931,4.5789,4.5667
2024-04-03,4.9553,4.6372,4.449,4.2923,4.2779,4.3468,4.4872,4.5748,4.5874
2024-04-04,4.9357,4.61,4.4168,4.2542,4.2367,4.3031,4.4426,4.5313,4.5486
2024-04-05,4.9903,4.6941,4.5073,4.3357,4.3086,4.3725,4.52,4.6102,4.5963
2024-04-08,5.0124,4.7389,4.5593,4.3827,4.3446,4.3965,4.5362,4.6212,4.5834
2024-04-09,4.9842,4.6954,4.5092,4.3294,4.2906,4.3388,4.471,4.5566,4.5492
2024-04-10,5.1382,4.9166,4.7539,4.5634,4.4949,4.5118,4.6317,4.7121,4.6346
2024-04-11,5.1075,4.8957,4.7405,4.5588,4.495,4.5196,4.6574,4.7451,4.6075
2024-04-12,5.0671,4.8364,4.6732,4.4923,4.4362,4.4681,4.602,4.6901,4.622
2024-04-15,5.0929,4.8905,4.7469,4.5896,4.5469,4.5928,4.7423,4.8296,4.7025
2024-04-16,5.1172,4.9212,4.7843,4.6367,4.5962,4.6341,4.7625,4.844,4.77
2024-04-17,5.088,4.883,4.7343,4.5643,4.5106,4.5481,4.7014,4.7986,4.6671
2024-04-18,5.1145,4.9226,4.7834,4.6254,4.5756,4.6063,4.7341,4.8174,4.7416
2024-04-19,5.1066,4.9088,4.7669,4.6067,4.5555,4.5837,4.7081,4.7918,4.725
2024-04-22,5.1048,4.9038,4.7612,4.603,4.5548,4.5868,4.7141,4.7983,4.7305
2024-04-23,5.0781,4.8669,4.7213,4.5679,4.5299,4.5763,4.7178,4.8059,4.7329
2024-04-24,5.0906,4.8855,4.7453,4.6012,4.5702,4.6239,4.7701,4.8572,4.7742
2024-04-25,5.1324,4.9418,4.8084,4.6654,4.6289,4.6726,4.8084,4.8923,4.8114
2024-04-26,5.1428,4.9398,4.7973,4.6422,4.5982,4.6354,4.7677,4.8537,4.7847
2024-04-29,5.1251,4.9173,4.7685,4.6026,4.5528,4.5893,4.7289,4.8217,4.7578
2024-04-30,5.1711,4.9808,4.8383,4.6704,4.6136,4.6411,4.7727,4.8603,4.7855
2024-05-01,5.1281,4.9068,4.7531,4.5882,4.5427,4.5828,4.7204,4.8085,4.7389
2024-05-02,5.0898,4.8388,4.6751,4.5177,4.4895,4.5484,4.694,4.7845,4.7603
2024-05-03,5.0364,4.7564,4.5833,4.43,4.4114,4.4777,4.6229,4.7157,4.7265
2024-05-06,5.0443,4.7774,4.6023,4.4312,4.3971,4.4546,4.6045,4.6993,4.676
2024-05-07,5.0487,4.7782,4.5984,4.4177,4.3758,4.4259,4.5711,4.6654,4.6421
2024-05-08,5.0509,4.7879,4.6149,4.4446,4.4084,4.4607,4.603,4.695,4.6785
2024-05-09,5.042,4.7575,4.5776,4.4097,4.3786,4.4321,4.5676,4.6584,4.6733
2024-05-10,5.0684,4.8053,4.6311,4.4578,4.4199,4.4721,4.6163,4.7081,4.6809
2024-05-13,5.0673,4.7978,4.62,4.4436,4.4045,4.4557,4.5982,4.6894,4.6663
2024-05-14,5.0534,4.7557,4.5704,4.4013,4.3724,4.4278,4.5618,4.6494,4.6607
2024-05-15,5.0036,4.6687,4.4688,4.297,4.2735,4.335,4.4723,4.5634,4.5907
2024-05-16,5.0387,4.7261,4.5194,4.3417,4.3149,4.3621,4.4742,4.5573,4.6167
2024-05-17,5.0426,4.7531,4.5639,4.3781,4.3366,4.3869,4.5278,4.6182,4.6011
2024-05-20,5.0544,4.7684,4.581,4.3961,4.3546,4.4045,4.545,4.6343,4.612
2024-05-21,5.0495,4.7575,4.5642,4.3707,4.3253,4.3761,4.5231,4.6153,4.5797
2024-05-22,5.0777,4.7999,4.6082,4.4022,4.3416,4.3787,4.5229,4.6155,4.5485
2024-05-23,5.1163,4.8544,4.6539,4.4604,4.4187,4.4523,4.5492,4.6187,4.6523
2024-05-24,5.1344,4.8694,4.6571,4.4616,4.421,4.4503,4.5387,4.606,4.6514
2024-05-28,5.1307,4.8855,4.7108,4.5154,4.4539,4.4889,4.6378,4.7321,4.6325
2024-05-29,5.1569,4.9104,4.7272,4.5816,4.5659,4.6085,4.7008,4.768,4.8165
2024-05-30,5.1247,4.8666,4.6768,4.5207,4.5017,4.5461,4.6445,4.7166,4.7685
2024-05-31,5.111,4.8233,4.6246,4.4702,4.4544,4.5013,4.6025,4.6776,4.7365
2024-06-03,5.0564,4.7632,4.5675,4.3689,4.3203,4.3697,4.5184,4.6107,4.5643
2024-06-04,5.0266,4.7126,4.5044,4.2948,4.2441,4.2951,4.447,4.5407,4.4947
2024-06-05,5.0051,4.6713,4.4583,4.2548,4.2107,4.2623,4.404,4.4955,4.49
2024-06-06,4.9945,4.6585,4.4434,4.2372,4.1927,4.2458,4.3907,4.4829,4.4706
2024-06-07,5.0907,4.803,4.6061,4.398,4.34,4.3822,4.5298,4.6189,4.5357
2024-06-10,5.1024,4.8077,4.5962,4.4249,4.4048,4.4532,4.5577,4.6312,4.6757
2024-06-11,5.0688,4.7554,4.5504,4.3492,4.3051,4.361,4.5108,4.5974,4.5397
2024-06-12,5.0292,4.6871,4.4693,4.2636,4.2233,4.2843,4.4385,4.533,4.5107
2024-06-13,4.9853,4.6207,4.3925,4.1831,4.1466,4.2137,4.3723,4.4667,4.442
2024-06-14,4.985,4.6234,4.3921,4.1717,4.1258,4.185,4.3381,4.4267,4.3805
2024-06-17,5.0199,4.6868,4.4658,4.243,4.1875,4.238,4.3918,4.4843,4.4266
2024-06-18,4.9968,4.6269,4.3962,4.182,4.1383,4.1923,4.3338,4.4234,4.4186
2024-06-20,5.0102,4.6434,4.4156,4.2068,4.1674,4.2256,4.3695,4.4575,4.4439
2024-06-21,5.0048,4.6436,4.4184,4.2105,4.1698,4.2259,4.3682,4.457,4.4487
2024-06-24,5.0054,4.6474,4.4235,4.2145,4.1705,4.2204,4.3544,4.4392,4.4324
2024-06-25,5.0046,4.6412,4.414,4.2016,4.1559,4.2047,4.3384,4.4238,4.4197
2024-06-26,5.0429,4.7001,4.4838,4.281,4.2402,4.2946,4.4332,4.5158,4.4884
2024-06-27,5.0245,4.6706,4.4501,4.2471,4.2086,4.2655,4.4068,4.4935,4.4805
2024-06-28,5.028,4.6791,4.4687,4.2873,4.2649,4.3358,4.4859,4.5763,4.5714
2024-07-01,5.0464,4.7279,4.5392,4.3877,4.3861,4.4777,4.6412,4.7257,4.6813
2024-07-02,5.0209,4.6944,4.4989,4.338,4.3316,4.4217,4.5895,4.6808,4.6473
2024-07-03,5.0086,4.6581,4.4491,4.2753,4.2628,4.3471,4.5109,4.6042,4.5864
2024-07-05,4.933,4.5553,4.3387,4.1716,4.1716,4.2704,4.4471,4.5477,4.5407
2024-07-08,4.9399,4.5692,4.3516,4.1759,4.1683,4.2613,4.436,4.5365,4.5267
2024-07-09,4.9489,4.5725,4.357,4.1918,4.1931,4.2932,4.4703,4.5699,4.5594
2024-07-10,4.9485,4.5694,4.3524,4.1841,4.1818,4.2764,4.4478,4.5468,4.5447
2024-07-11,4.8497,4.4492,4.2317,4.078,4.0882,4.1918,4.3694,4.4763,4.5003
2024-07-12,4.8161,4.3967,4.1846,4.0523,4.0754,4.1843,4.3588,4.4638,4.4968
2024-07-15,4.7999,4.3949,4.1946,4.0799,4.1151,4.2359,4.421,4.53,4.5615
2024-07-16,4.7866,4.3748,4.1655,4.0346,4.0578,4.1666,4.3414,4.4468,4.4805
2024-07-17,4.7893,4.3704,4.1562,4.0201,4.0417,4.151,4.3289,4.4374,4.475
2024-07-18,4.8071,4.407,4.1976,4.0624,4.0858,4.2003,4.3842,4.4917,4.5136
2024-07-19,4.8113,4.4386,4.2403,4.1094,4.1309,4.242,4.4219,4.5268,4.5453
2024-07-22,4.8194,4.4494,4.2519,4.1214,4.1441,4.258,4.4426,4.551,4.572
2024-07-23,4.7909,4.4133,4.2194,4.1002,4.1288,4.2446,4.4301,4.5444,4.5894
2024-07-24,4.7667,4.3851,4.1999,4.1041,4.1519,4.2867,4.4891,4.6105,4.6569
2024-07-25,4.7823,4.4101,4.2203,4.1076,4.1415,4.2636,4.456,4.5736,4.6188
2024-07-26,4.7449,4.3473,4.1482,4.0328,4.0692,4.1957,4.3948,4.5184,4.5738
2024-07-29,4.74,4.3409,4.1373,4.014,4.0459,4.1697,4.3677,4.4908,4.5435
2024-07-30,4.7181,4.3181,4.114,3.9902,4.0221,4.1463,4.3459,4.4713,4.5285
2024-07-31,4.6874,4.2592,4.0473,3.9224,3.9545,4.078,4.2803,4.415,4.5018
2024-08-01,4.571,4.1179,3.9117,3.8067,3.8487,3.976,4.1813,4.3246,4.4423
2024-08-02,4.2943,3.8356,3.6586,3.5901,3.6436,3.7801,4.0008,4.1611,4.3473
2024-08-05,4.3069,3.8513,3.6745,3.5946,3.6358,3.7608,3.9724,4.1287,4.311
2024-08-06,4.4024,3.9478,3.772,3.7046,3.7565,3.8868,4.095,4.2456,4.4201
2024-08-07,4.4012,3.9659,3.8099,3.7673,3.8302,3.9662,4.1753,4.3247,4.4969
2024-08-08,4.4339,4.0015,3.8481,3.8061,3.8677,4.002,4.2095,4.3579,4.5291
2024-08-09,4.4585,4.0168,3.8379,3.7703,3.827,3.959,4.1609,4.3013,4.4222
2024-08-12,4.4245,3.9706,3.7874,3.7199,3.7805,3.9188,4.1285,4.2729,4.394
2024-08-13,4.366,3.8969,3.7181,3.6542,3.7107,3.8477,4.0681,4.2299,4.4198
2024-08-14,4.3745,3.9005,3.7185,3.6455,3.6936,3.822,4.0336,4.1898,4.373
2024-08-15,4.4828,4.0446,3.8515,3.7599,3.804,3.9263,4.1183,4.2494,4.3512
2024-08-16,4.4412,4.0074,3.8266,3.739,3.7759,3.8918,4.0851,4.2259,4.3889
2024-08-19,4.4389,4.0086,3.8217,3.7224,3.7517,3.8603,4.0473,4.1858,4.3477
2024-08-20,4.3827,3.9413,3.7606,3.6724,3.7053,3.8152,4.0045,4.1461,4.3128
2024-08-21,4.3226,3.8759,3.7003,3.6244,3.666,3.7846,3.9841,4.1328,4.3085
2024-08-22,4.3866,3.9507,3.7755,3.6977,3.7393,3.8586,4.0561,4.2009,4.3698
2024-08-23,4.3051,3.8594,3.6925,3.6296,3.68,3.8085,4.0166,4.1679,4.3434
2024-08-26,4.3202,3.8731,3.706,3.6428,3.6915,3.8168,4.0218,4.1725,4.3488
2024-08-27,4.2897,3.8467,3.6879,3.6425,3.704,3.8394,4.0486,4.198,4.3701
2024-08-28,4.292,3.8476,3.6896,3.6452,3.7084,3.8466,4.0573,4.2055,4.3743
2024-08-29,4.3124,3.8724,3.7156,3.6723,3.7365,3.875,4.0831,4.2278,4.3913
2024-08-30,4.3103,3.893,3.7472,3.71,3.7752,3.9147,4.1238,4.2688,4.4324
2024-09-03,4.2835,3.8463,3.6916,3.6442,3.7031,3.8379,4.0466,4.1939,4.3618
2024-09-04,4.1735,3.7305,3.5879,3.5573,3.6232,3.7628,3.976,4.1262,4.2976
2024-09-05,4.1661,3.7141,3.568,3.5342,3.5976,3.7338,3.9422,4.0893,4.257
2024-09-06,4.0894,3.6284,3.5008,3.497,3.5748,3.7212,3.9388,4.0919,4.267
2024-09-09,4.0927,3.6313,3.4987,3.4822,3.5536,3.6977,3.9143,4.066,4.2384
2024-09-10,4.0322,3.5574,3.4272,3.4219,3.4998,3.6483,3.8702,4.0268,4.2059
2024-09-11,4.0837,3.5909,3.4501,3.4353,3.5077,3.6503,3.8676,4.023,4.2025
2024-09-12,4.0636,3.6022,3.4719,3.4618,3.5362,3.6821,3.9033,4.0606,4.2414
2024-09-13,3.9743,3.5329,3.4205,3.4223,3.5018,3.655,3.8845,4.0456,4.2291
2024-09-16,3.9399,3.5165,3.4075,3.4048,3.4782,3.6235,3.8435,3.9985,4.1752
2024-09-17,3.9606,3.5473,3.4378,3.4306,3.5005,3.643,3.8612,4.0158,4.1926
2024-09-18,3.9376,3.5588,3.4652,3.4715,3.5518,3.7062,3.9331,4.0889,4.2638
2024-09-19,3.9154,3.544,3.463,3.4896,3.5771,3.733,3.9607,4.1194,4.2999
2024-09-20,3.8838,3.5192,3.446,3.4789,3.5687,3.7276,3.9606,4.1235,4.3091
2024-09-23,3.8755,3.529,3.4638,3.5024,3.5919,3.7479,3.9783,4.1411,4.3283
2024-09-24,3.8316,3.486,3.425,3.473,3.5716,3.7385,3.979,4.146,4.336
2024-09-25,3.8485,3.5285,3.4721,3.52,3.6199,3.7895,4.0311,4.1969,4.3838
2024-09-26,3.9018,3.5929,3.5262,3.5491,3.6334,3.7905,4.0229,4.1846,4.3678
2024-09-27,3.8508,3.5288,3.4646,3.4951,3.5851,3.7493,3.9906,4.1582,4.3481
2024-09-30,3.932,3.6232,3.5528,3.5714,3.6513,3.8034,4.0334,4.1964,4.3833
2024-10-01,3.9043,3.5812,3.4994,3.5056,3.5822,3.7359,3.9718,4.1395,4.3318
2024-10-02,3.912,3.5996,3.5255,3.5397,3.6229,3.7849,4.0286,4.1994,4.3934
2024-10-03,3.9597,3.6692,3.5969,3.6117,3.6921,3.8469,4.081,4.2463,4.4355
2024-10-04,4.1442,3.891,3.8094,3.7934,3.8477,3.9727,4.1766,4.3266,4.5021
2024-10-07,4.2097,3.9593,3.8602,3.8437,3.9095,4.0379,4.2302,4.3681,4.5036
2024-10-08,4.1804,3.9344,3.8559,3.8451,3.9045,4.0339,4.237,4.3825,4.5496
2024-10-09,4.2168,3.9688,3.8801,3.8784,3.95,4.0794,4.2671,4.399,4.5246
2024-10-10,4.1962,3.9463,3.8739,3.8882,3.9624,4.0965,4.2956,4.4376,4.6022
2024-10-11,4.1547,3.9079,3.8335,3.8591,3.9504,4.1003,4.3076,4.4482,4.5737
2024-10-15,4.1731,3.9128,3.8339,3.836,3.9023,4.0311,4.2282,4.37,4.5346
2024-10-16,4.1479,3.8943,3.8174,3.8229,3.8921,4.0232,4.2199,4.3596,4.5205
2024-10-17,4.1844,3.9335,3.8558,3.8771,3.9655,4.1118,4.314,4.4501,4.5683
2024-10-18,4.1645,3.9085,3.8318,3.8572,3.9491,4.0994,4.3063,4.4452,4.566
2024-10-21,4.2174,3.987,3.9195,3.9538,4.0518,4.2079,4.4169,4.5518,4.656
2024-10-22,4.216,4.0031,3.943,3.9804,4.0761,4.2267,4.4271,4.5557,4.6539
2024-10-23,4.2427,4.051,3.9948,4.0291,4.1198,4.2638,4.4558,4.5789,4.6723
2024-10-24,4.2239,4.034,3.9786,4.009,4.0933,4.2283,4.4118,4.5337,4.6366
2024-10-25,4.2514,4.0689,4.0153,4.0473,4.1333,4.2708,4.4569,4.5793,4.68
2024-10-28,4.2701,4.0979,4.0501,4.0855,4.1703,4.3033,4.4809,4.596,4.687
2024-10-29,4.2583,4.0861,4.0406,4.0813,4.1702,4.3069,4.486,4.5988,4.6803
2024-10-30,4.276,4.1321,4.0869,4.1134,4.1885,4.3091,4.4692,4.5692,4.6374
2024-10-31,4.2704,4.125,4.0893,4.1225,4.1922,4.2994,4.4426,4.537,4.6166
2024-11-01,4.2869,4.1762,4.1474,4.1896,4.2725,4.3985,4.5572,4.649,4.694
2024-11-04,4.2597,4.1423,4.1084,4.1416,4.2168,4.3339,4.4846,4.5745,4.6254
2024-11-05,4.2787,4.1585,4.1167,4.1336,4.1961,4.2997,4.4367,4.5196,4.567
2024-11-06,4.3242,4.2294,4.2065,4.2506,4.3318,4.4537,4.6056,4.6914,4.7278
2024-11-07,4.2971,4.1725,4.1273,4.1475,4.222,4.3474,4.5144,4.6141,4.666
2024-11-08,4.315,4.2297,4.1805,4.1583,4.1984,4.3083,4.4915,4.5919,4.5196
2024-11-12,4.3681,4.3137,4.2845,4.2816,4.3266,4.4344,4.6125,4.7083,4.6063
2024-11-13,4.3049,4.2495,4.2325,4.2655,4.3398,4.4665,4.6368,4.7308,4.7445
2024-11-14,4.3664,4.3112,4.2824,4.2807,4.325,4.4276,4.5944,4.6905,4.6427
2024-11-15,4.3475,4.2694,4.2409,4.2634,4.3309,4.4471,4.6029,4.6922,4.7225
2024-11-18,4.3337,4.2504,4.2199,4.2432,4.3144,4.4374,4.6038,4.7015,4.7416
2024-11-19,4.334,4.2431,4.2043,4.2148,4.2793,4.3993,4.5661,4.6623,4.6897
2024-11-20,4.3447,4.2804,4.2447,4.2368,4.2836,4.4009,4.5996,4.7128,4.6295
2024-11-21,4.3709,4.3099,4.2754,4.2655,4.3077,4.4178,4.6109,4.7279,4.6651
2024-11-22,4.3911,4.3239,4.2841,4.2659,4.3022,4.4067,4.5962,4.7127,4.6507
2024-11-25,4.348,4.2452,4.1797,4.1316,4.1564,4.2603,4.4578,4.5734,4.4831
2024-11-26,4.3595,4.2515,4.1879,4.1523,4.1898,4.3026,4.4922,4.5964,4.5298
2024-11-27,4.3265,4.2121,4.1417,4.0956,4.1289,4.2452,4.4503,4.5623,4.4686
2024-11-29,4.3134,4.1558,4.0698,4.0273,4.073,4.1937,4.3759,4.473,4.4516
2024-12-02,4.2955,4.1711,4.0961,4.0476,4.0794,4.189,4.3763,4.4775,4.4053
2024-12-03,4.2728,4.1693,4.1091,4.0781,4.1177,4.2309,4.4174,4.5174,4.4449
2024-12-04,4.2411,4.116,4.0543,4.0392,4.0918,4.2035,4.3617,4.4472,4.4483
2024-12-05,4.2342,4.1345,4.0735,4.0345,4.0649,4.1684,4.3495,4.4468,4.3553
2024-12-06,4.1956,4.0922,4.0321,4.0007,4.0401,4.1533,4.3417,4.4457,4.3844
2024-12-09,4.196,4.1128,4.0629,4.037,4.0755,4.19,4.3927,4.5081,4.4151
2024-12-10,4.1991,4.1246,4.0808,4.0608,4.1002,4.2119,4.409,4.5238,4.4429
2024-12-11,4.2035,4.1398,4.1047,4.098,4.1465,4.2674,4.4737,4.5942,4.5189
2024-12-12,4.2112,4.1618,4.1379,4.1463,4.2034,4.3302,4.5397,4.6636,4.6013
2024-12-13,4.2374,4.2077,4.1981,4.2231,4.286,4.4112,4.6102,4.7276,4.6722
2024-12-16,4.2397,4.2075,4.1958,4.2175,4.2779,4.4003,4.596,4.7106,4.6504
2024-12-17,4.2387,4.2085,4.1987,4.2238,4.2866,4.4099,4.6009,4.7054,4.6201
2024-12-18,4.2787,4.2954,4.317,4.3705,4.4318,4.5263,4.6615,4.7444,4.7324
2024-12-19,4.2602,4.2864,4.3185,4.3944,4.4776,4.6006,4.7646,4.8515,4.7942
2024-12-20,4.2614,4.2666,4.2831,4.3398,4.4157,4.5405,4.7211,4.8242,4.7756
2024-12-23,4.2845,4.3062,4.3352,4.4077,4.4906,4.6162,4.7882,4.8829,4.8336
2024-12-24,4.2745,4.3071,4.3429,4.4203,4.5004,4.6154,4.7697,4.8595,4.8426
2024-12-26,4.2679,4.2923,4.3228,4.3962,4.4781,4.6007,4.768,4.8617,4.8212
2024-12-27,4.2527,4.2905,4.3322,4.4228,4.5162,4.649,4.8228,4.9174,4.8771
2024-12-30,4.2016,4.2244,4.2559,4.3366,4.4298,4.5721,4.7675,4.8764,4.8306
2024-12-31,4.1982,4.2273,4.2638,4.3514,4.4485,4.5924,4.7855,4.8901,4.838
2025-01-02,4.1919,4.2189,4.2541,4.3406,4.4381,4.5845,4.7834,4.8934,4.8474
2025-01-03,4.2098,4.2462,4.2877,4.3805,4.4783,4.6197,4.808,4.9133,4.8805
2025-01-06,4.2075,4.2453,4.289,4.3874,4.4915,4.6416,4.8386,4.9441,4.8931
2025-01-07,4.22,4.2657,4.3167,4.4277,4.5419,4.7029,4.9082,5.0132,4.9476
2025-01-08,4.2129,4.2549,4.3038,4.4144,4.5314,4.6991,4.9152,5.0254,4.9533
2025-01-09,4.1942,4.2487,4.3067,4.4278,4.5483,4.7145,4.924,5.0328,4.979
2025-01-10,4.2781,4.3555,4.4283,4.5603,4.6748,4.8152,4.9733,5.0493,5.0135
2025-01-13,4.2935,4.3704,4.4431,4.5754,4.6906,4.8319,4.989,5.0597,5.0017
2025-01-14,4.271,4.3464,4.419,4.5546,4.6755,4.8274,4.9997,5.077,5.0046
2025-01-15,4.211,4.2552,4.305,4.4141,4.5267,4.6851,4.8846,4.9817,4.8979
2025-01-16,4.2089,4.219,4.2533,4.3587,4.4792,4.6458,4.84,4.932,4.9155
2025-01-17,4.2264,4.2551,4.2924,4.3836,4.4857,4.6374,4.8387,4.9435,4.8735
2025-01-21,4.2316,4.2537,4.2844,4.3632,4.4543,4.5934,4.7842,4.8899,4.8413
2025-01-22,4.2435,4.2701,4.3043,4.3876,4.4807,4.62,4.8075,4.909,4.8546
2025-01-23,4.2227,4.2649,4.3115,4.4125,4.5164,4.6636,4.855,4.9585,4.9158
2025-01-24,4.2165,4.2534,4.2964,4.3937,4.4971,4.6462,4.8413,4.9441,4.8866
2025-01-27,4.1898,4.1633,4.2003,4.3062,4.4113,4.548,4.7172,4.8252,4.9165
2025-01-28,4.1806,4.1693,4.2036,4.3107,4.4219,4.5674,4.7436,4.8503,4.9255
2025-01-29,4.213,4.1974,4.228,4.3282,4.4335,4.5727,4.7441,4.851,4.9339
2025-01-30,4.1875,4.1654,4.1899,4.2856,4.392,4.5351,4.7116,4.8202,4.8991
2025-01-31,4.2066,4.1969,4.2342,4.343,4.4533,4.5976,4.7754,4.8875,4.9783
2025-02-03,4.2265,4.2351,4.2553,4.3202,4.4043,4.5411,4.738,4.852,4.8121
2025-02-04,4.2087,4.181,4.2031,4.2938,4.3944,4.5303,4.7,4.8072,4.8924
2025-02-05,4.1932,4.1483,4.152,4.2175,4.3045,4.4295,4.5905,4.6928,4.7721
2025-02-06,4.2081,4.175,4.1847,4.2504,4.3309,4.4448,4.5942,4.6948,4.7886
2025-02-07,4.2574,4.2555,4.2646,4.3072,4.3705,4.4814,4.6535,4.764,4.7578
2025-02-10,4.251,4.25,4.2603,4.3057,4.3724,4.4884,4.6678,4.7832,4.7799
2025-02-11,4.2595,4.263,4.2776,4.331,4.4043,4.5275,4.7117,4.8247,4.8048
2025-02-12,4.3055,4.3325,4.3647,4.4389,4.5198,4.6402,4.8066,4.9056,4.8911
2025-02-13,4.2778,4.2828,4.2974,4.3475,4.4148,4.5273,4.6967,4.8028,4.7907
2025-02-14,4.2389,4.2362,4.2455,4.2908,4.3585,4.477,4.6594,4.7747,4.7628
2025-02-18,4.2622,4.2758,4.2977,4.3593,4.435,4.5563,4.734,4.8453,4.841
2025-02-19,4.2453,4.2504,4.2672,4.326,4.4052,4.5365,4.7297,4.8451,4.8157
2025-02-20,4.2366,4.2367,4.2495,4.3026,4.3785,4.5081,4.7036,4.8241,4.8051
2025-02-21,4.1901,4.1506,4.1593,4.2287,4.3153,4.4389,4.6027,4.7146,4.8228
2025-02-24,4.1782,4.1291,4.134,4.2033,4.2931,4.4223,4.5929,4.7079,4.8148
2025-02-25,4.1392,4.0646,4.049,4.0979,4.1838,4.3174,4.4962,4.6117,4.701
2025-02-26,4.1381,4.0339,4.006,4.0482,4.1335,4.2678,4.4481,4.5649,4.656
2025-02-27,4.1395,4.0392,4.0188,4.0731,4.1658,4.3065,4.4937,4.6161,4.7173
2025-02-28,4.0849,3.9687,3.9508,4.0152,4.114,4.2594,4.4508,4.577,4.6857
2025-03-03,4.0622,3.927,3.8985,3.952,4.0457,4.188,4.3804,4.5111,4.6325
2025-03-04,4.0514,3.9291,3.9151,3.9892,4.0956,4.2505,4.4556,4.5936,4.721
2025-03-05,4.0701,3.9752,3.9744,4.0565,4.1621,4.3118,4.5076,4.6387,4.7596
2025-03-06,4.0379,3.9465,3.9522,4.0479,4.1653,4.3275,4.5326,4.6632,4.7681
2025-03-07,4.0636,3.9708,3.9764,4.0726,4.1905,4.3537,4.5606,4.6929,4.8007
2025-03-10,4.0008,3.876,3.8726,3.9661,4.0862,4.2552,4.4735,4.6168,4.742
2025-03-11,4.0288,3.9135,3.9125,4.012,4.1389,4.3148,4.5352,4.6722,4.7733
2025-03-12,4.0717,3.97,3.9679,4.0614,4.184,4.3561,4.5727,4.7075,4.8063
2025-03-13,4.0377,3.9196,3.9133,4.0065,4.1309,4.3062,4.5286,4.6686,4.7755
2025-03-14,4.0833,3.9893,3.9834,4.0668,4.1823,4.3478,4.5585,4.6905,4.7883
2025-03-17,4.1088,4.0261,4.0129,4.0776,4.182,4.3394,4.5436,4.6699,4.7549
2025-03-18,4.1082,4.0078,3.9862,4.0463,4.1519,4.3133,4.5224,4.6502,4.7313
2025-03-19,4.0822,3.9484,3.9312,4.0082,4.1205,4.2823,4.4908,4.6241,4.7298
2025-03-20,4.052,3.923,3.9065,3.9845,4.0986,4.2639,4.4782,4.6165,4.7294
2025-03-21,4.033,3.9092,3.895,3.9798,4.1025,4.28,4.5091,4.6556,4.7718
2025-03-24,4.0918,3.9982,3.9878,4.0681,4.1878,4.3634,4.5887,4.7283,4.8258
2025-03-25,4.077,3.9684,3.9552,4.0377,4.1607,4.3406,4.5725,4.7187,4.8282
2025-03-26,4.0857,3.9899,3.9795,4.0636,4.1894,4.3745,4.6124,4.7602,4.8637
2025-03-27,4.0816,3.9773,3.9724,4.0724,4.2098,4.4055,4.6512,4.8009,4.9012
2025-03-28,4.0219,3.89,3.8719,3.9617,4.0964,4.2929,4.5453,4.7038,4.821
2025-03-31,4.0087,3.8759,3.8533,3.9351,4.065,4.2571,4.5046,4.6592,4.7697
2025-04-01,3.9923,3.8493,3.8172,3.8862,4.0092,4.196,4.4397,4.5925,4.7016
2025-04-02,4.03,3.8891,3.8576,3.9252,4.0454,4.2277,4.4654,4.6146,4.7215
2025-04-03,3.9233,3.7004,3.6506,3.7305,3.8749,4.0926,4.3785,4.5627,4.7085
2025-04-04,3.8918,3.6698,3.626,3.7056,3.8405,4.0417,4.3076,4.4828,4.6329
2025-04-07,3.9072,3.7141,3.6905,3.8038,3.9663,4.1978,4.4902,4.6711,4.7998
2025-04-08,3.8805,3.7039,3.7084,3.8693,4.0656,4.3297,4.6456,4.8265,4.9237
2025-04-09,4.0539,3.9126,3.9104,4.0358,4.1959,4.4143,4.6762,4.8252,4.9014
2025-04-10,3.9851,3.8434,3.8552,4.0198,4.2189,4.4862,4.8034,4.9818,5.0692
2025-04-11,4.0538,3.9577,3.9801,4.1363,4.3167,4.5536,4.8244,4.9662,5.0094
2025-04-14,3.9904,3.8385,3.8459,4.0028,4.1933,4.4478,4.7467,4.9111,4.9824
2025-04-15,3.9882,3.8355,3.8272,3.9658,4.1538,4.4146,4.7262,4.8983,4.9702
2025-04-16,3.9531,3.7624,3.7446,3.8855,4.0807,4.3521,4.6779,4.8601,4.9421
2025-04-17,3.988,3.7926,3.7795,3.9315,4.1344,4.4123,4.741,4.9207,4.9921
2025-04-21,3.9234,3.7387,3.7497,3.9501,4.1914,4.5085,4.8669,5.0485,5.0862
2025-04-22,3.9683,3.7923,3.7919,3.9657,4.1872,4.4852,4.8292,5.0086,5.058
2025-04-23,4.0145,3.8511,3.8447,3.9941,4.1916,4.4613,4.7767,4.9446,4.9985
2025-04-24,3.9664,3.7846,3.7686,3.9114,4.1091,4.3825,4.705,4.878,4.9361
2025-04-25,3.953,3.7555,3.7323,3.8692,4.0647,4.3377,4.6639,4.8429,4.9137
2025-04-28,3.9079,3.6746,3.6502,3.7998,4.0056,4.2878,4.6206,4.8007,4.8674
2025-04-29,3.8812,3.6462,3.6162,3.7565,3.9568,4.235,4.5661,4.7478,4.8201
2025-04-30,3.8405,3.5891,3.5578,3.7105,3.9272,4.2277,4.5841,4.7783,4.8523
2025-05-01,3.9082,3.6929,3.6601,3.7987,4.0083,4.3055,4.6607,4.8527,4.9184
2025-05-02,3.9884,3.8138,3.7824,3.902,4.0955,4.3779,4.7193,4.9019,4.9538
2025-05-05,3.9972,3.8213,3.7931,3.9211,4.1217,4.4115,4.7588,4.9431,4.9921
2025-05-06,3.961,3.772,3.7439,3.8799,4.0876,4.3845,4.7397,4.9298,4.9873
2025-05-07,3.9754,3.7662,3.7264,3.8488,4.048,4.3375,4.689,4.8815,4.9512
2025-05-08,4.0313,3.8785,3.8559,3.9777,4.1671,4.4421,4.7742,4.9523,5.0043
2025-05-09,4.0236,3.8663,3.8465,3.9746,4.1665,4.4417,4.7735,4.954,5.0166
2025-05-12,4.0917,3.9707,3.9565,4.0728,4.2512,4.5125,4.8306,5.002,5.0522
2025-05-13,4.1062,4.0006,3.9867,4.0989,4.281,4.5567,4.8934,5.0642,5.0715
2025-05-14,4.1245,4.0367,4.0297,4.1424,4.3207,4.5917,4.9252,5.0952,5.1012
2025-05-15,4.0787,3.9474,3.9266,4.0427,4.2315,4.5129,4.8543,5.031,5.0571
2025-05-16,4.0955,3.9655,3.9363,4.0343,4.2137,4.4935,4.8399,5.016,5.0203
2025-05-19,4.0857,3.9494,3.9254,4.041,4.2341,4.5236,4.8724,5.0469,5.0514
2025-05-20,4.0856,3.9479,3.9242,4.0448,4.2458,4.5481,4.9126,5.0942,5.0957
2025-05-21,4.1046,3.9818,3.9745,4.1229,4.3431,4.6616,5.035,5.2153,5.2056
2025-05-22,4.1114,3.9783,3.958,4.0872,4.2997,4.6196,5.0041,5.1918,5.1782
2025-05-23,4.1343,3.9836,3.9504,4.0639,4.2695,4.5874,4.9781,5.1748,5.1756
2025-05-27,4.1095,3.9497,3.9059,4.0014,4.1953,4.5042,4.8882,5.0795,5.0661
2025-05-28,4.1366,3.9793,3.9385,4.0387,4.2349,4.5436,4.9233,5.1096,5.0901
2025-05-29,4.1105,3.9317,3.8845,3.9852,4.1826,4.4893,4.8653,5.0554,5.0619
2025-05-30,4.0966,3.895,3.8452,3.9559,4.1624,4.4754,4.856,5.0526,5.0801
2025-06-02,4.1008,3.9247,3.8824,3.9949,4.204,4.5258,4.9204,5.1224,5.1387
2025-06-03,4.1104,3.9459,3.9051,4.0112,4.2131,4.5281,4.9181,5.1179,5.1306
2025-06-04,4.0602,3.8601,3.809,3.9145,4.1161,4.4248,4.8057,5.0085,5.0543
2025-06-05,4.0758,3.9144,3.8746,3.9737,4.161,4.4512,4.8117,5.0021,5.0359
2025-06-06,4.1361,4.0163,3.9956,4.1041,4.2878,4.5679,4.9121,5.0886,5.1026
2025-06-09,4.1254,3.9867,3.9604,4.0706,4.2584,4.5426,4.8914,5.0741,5.1054
2025-06-10,4.1253,3.9844,3.9548,4.0589,4.2424,4.5226,4.8681,5.0495,5.0796
2025-06-11,4.0869,3.9207,3.885,3.9931,4.1826,4.4691,4.8249,5.0202,5.0843
2025-06-12,4.0605,3.8837,3.8427,3.9438,4.1265,4.4036,4.7496,4.9428,5.0162
2025-06-13,4.0814,3.9275,3.8913,3.9921,4.1785,4.4671,4.8286,5.0238,5.0715
2025-06-16,4.103,3.9447,3.9087,4.0159,4.2106,4.5099,4.8813,5.0784,5.1176
2025-06-17,4.0956,3.922,3.873,3.9612,4.1441,4.4342,4.8007,4.9984,5.0427
2025-06-18,4.0946,3.9108,3.8619,3.9572,4.1454,4.4375,4.8015,4.9966,5.0418
2025-06-20,4.0646,3.8785,3.834,3.9402,4.136,4.4343,4.8039,5.0043,5.0616
2025-06-23,4.0242,3.8135,3.7667,3.8834,4.0879,4.3931,4.7697,4.9782,5.0558
2025-06-24,4.0035,3.7779,3.7249,3.8385,4.044,4.3518,4.7316,4.9413,5.0173
2025-06-25,3.9915,3.7641,3.7103,3.8251,4.0337,4.3464,4.7317,4.9434,5.0165
2025-06-26,3.9559,3.7095,3.6558,3.7814,3.9984,4.318,4.7091,4.925,5.0059
2025-06-27,3.9753,3.7389,3.6884,3.8156,4.0333,4.3539,4.7451,4.9591,5.0336
2025-06-30,3.9603,3.7069,3.6517,3.7731,3.9825,4.2905,4.6694,4.8824,4.9738
2025-07-01,3.9904,3.7663,3.7134,3.8211,4.0165,4.3089,4.6716,4.8752,4.9591
2025-07-02,3.9881,3.7749,3.7305,3.8511,4.0556,4.3568,4.7252,4.9275,4.9999
2025-07-03,4.0891,3.8664,3.8123,3.9177,4.1122,4.4041,4.764,4.9622,5.0323
2025-07-07,4.0713,3.8709,3.8253,3.9403,4.1455,4.4533,4.8304,5.0327,5.0873
2025-07-08,4.085,3.8814,3.8409,3.9654,4.1731,4.4781,4.8481,5.0474,5.1075
2025-07-09,4.051,3.8306,3.7809,3.8955,4.0976,4.3982,4.7674,4.9707,5.0438
2025-07-10,4.0512,3.8439,3.7977,3.9102,4.1079,4.4021,4.7635,4.9619,5.031
2025-07-11,4.0646,3.8735,3.8385,3.9684,4.18,4.4902,4.866,5.0679,5.1268
2025-07-14,4.0596,3.8641,3.8289,3.9615,4.1762,4.4899,4.8698,5.0743,5.136
2025-07-15,4.0929,3.9215,3.8938,4.0282,4.2424,4.5552,4.9308,5.1269,5.1673
2025-07-16,4.0567,3.8567,3.8238,3.9681,4.1957,4.5248,4.9186,5.1258,5.1759
2025-07-17,4.0788,3.8871,3.8513,3.9857,4.2074,4.533,4.9241,5.1272,5.1648
2025-07-18,4.051,3.8424,3.8037,3.9425,4.1689,4.4996,4.8981,5.1096,5.1647
2025-07-21,4.0437,3.8168,3.7672,3.8934,4.1124,4.4367,4.8315,5.0444,5.1078
2025-07-22,4.0268,3.7972,3.7416,3.8593,4.0758,4.4013,4.7992,5.012,5.0674
2025-07-23,4.0574,3.8489,3.8015,3.92,4.131,4.4478,4.8376,5.0495,5.1151
2025-07-24,4.0783,3.8865,3.8413,3.9535,4.1582,4.4693,4.8531,5.0594,5.113
2025-07-25,4.0687,3.8753,3.8252,3.9282,4.1277,4.4358,4.8194,5.0261,5.0784
2025-07-28,4.0738,3.8829,3.8386,3.9515,4.1561,4.4667,4.8514,5.0606,5.1229
2025-07-29,4.0527,3.8441,3.7868,3.8814,4.0737,4.3724,4.7484,4.9571,5.0289
2025-07-30,4.1147,3.9134,3.8532,3.9374,4.1226,4.4166,4.7885,4.9914,5.0461
2025-07-31,4.1212,3.9122,3.8501,3.934,4.118,4.4086,4.7762,4.9791,5.0431
2025-08-01,3.9076,3.6715,3.6264,3.7553,3.966,4.2749,4.6609,4.8871,5.0114
2025-08-04,3.889,3.6571,3.6088,3.7327,3.9433,4.2559,4.6488,4.879,5.0032
2025-08-05,3.9084,3.6895,3.6375,3.7483,3.951,4.2575,4.6422,4.8616,4.9602
2025-08-06,3.8933,3.6709,3.6228,3.7461,3.9597,4.2783,4.6747,4.8997,4.9997
2025-08-07,3.9149,3.7029,3.6558,3.773,3.9798,4.2906,4.6803,4.9036,5.0071
2025-08-08,3.9211,3.7275,3.6907,3.8158,4.0229,4.3306,4.7164,4.9396,5.0513
2025-08-11,3.9182,3.7281,3.6907,3.8116,4.0149,4.319,4.7025,4.9263,5.0426
2025-08-12,3.8879,3.7,3.6707,3.8091,4.0259,4.3439,4.7403,4.9697,5.0866
2025-08-13,3.8481,3.649,3.6165,3.7539,3.9705,4.2876,4.683,4.9128,5.033
2025-08-14,3.8871,3.7042,3.67,3.8,4.0164,4.34,4.7434,4.9711,5.0668
2025-08-15,3.9062,3.726,3.6929,3.8271,4.0505,4.3846,4.7976,5.0245,5.1012
2025-08-18,3.907,3.7346,3.7019,3.8337,4.0571,4.3947,4.8132,5.041,5.1087
2025-08-19,3.8923,3.7167,3.6789,3.8028,4.0225,4.3589,4.7779,5.0046,5.0648
2025-08-20,3.8844,3.706,3.6656,3.7859,4.0042,4.341,4.7636,4.9948,5.062
2025-08-21,3.9242,3.7535,3.7161,3.8362,4.0515,4.3831,4.7987,5.0253,5.0891
2025-08-22,3.8525,3.651,3.6101,3.7432,3.9705,4.3119,4.7372,4.9757,5.0708
2025-08-25,3.8709,3.6922,3.6519,3.7733,3.9934,4.3333,4.7604,4.9949,5.0652
2025-08-26,3.8373,3.6374,3.5942,3.7266,3.96,4.3153,4.7599,5.0072,5.096
2025-08-27,3.8266,3.6147,3.5657,3.697,3.9359,4.3025,4.7635,5.0205,5.1132
2025-08-28,3.8362,3.6264,3.5702,3.6843,3.9121,4.2713,4.7284,4.9821,5.0629
2025-08-29,3.8116,3.6023,3.5519,3.6797,3.9183,4.2885,4.7579,5.0214,5.1187
2025-09-02,3.8319,3.6429,3.5982,3.7267,3.9669,4.3437,4.8225,5.0863,5.1626
2025-09-03,3.7919,3.6034,3.5564,3.6774,3.9097,4.2768,4.7454,5.0047,5.0818
2025-09-04,3.7711,3.5746,3.5199,3.631,3.86,4.2288,4.7047,4.9685,5.0432
2025-09-05,3.68,3.4998,3.4555,3.5731,3.7973,4.1521,4.6092,4.8682,4.9639
2025-09-08,3.6719,3.4828,3.438,3.5553,3.7722,4.1082,4.535,4.7766,4.8719
2025-09-09,3.6973,3.525,3.4791,3.5835,3.7926,4.1282,4.5626,4.8065,4.8859
2025-09-10,3.686,3.5215,3.4745,3.5686,3.7678,4.0947,4.526,4.7727,4.8598
2025-09-11,3.6706,3.5161,3.4709,3.5592,3.7501,4.0672,4.4893,4.7319,4.8167
2025-09-12,3.6893,3.5408,3.5046,3.6071,3.8036,4.118,4.5274,4.7614,4.8498
2025-09-15,3.6836,3.518,3.4784,3.5851,3.7847,4.0982,4.5034,4.7387,4.8458
2025-09-16,3.6593,3.4934,3.4576,3.5719,3.7755,4.09,4.4926,4.7258,4.8337
2025-09-17,3.6703,3.5128,3.4847,3.6058,3.8074,4.1125,4.5017,4.7304,4.8505
2025-09-18,3.6752,3.5478,3.5278,3.6492,3.8521,4.1657,4.5693,4.8031,4.9082
2025-09-19,3.6751,3.554,3.5393,3.6682,3.8755,4.1921,4.5965,4.8291,4.9308
2025-09-22,3.6839,3.5785,3.5637,3.6821,3.8833,4.2023,4.6181,4.8537,4.9304
2025-09-23,3.6775,3.5631,3.5432,3.6565,3.855,4.1709,4.5832,4.8175,4.8973
2025-09-24,3.6955,3.5931,3.5801,3.6979,3.8947,4.2045,4.6084,4.8404,4.9292
2025-09-25,3.7373,3.649,3.6365,3.7414,3.9242,4.2205,4.6139,4.8374,4.8998
2025-09-26,3.7218,3.6394,3.6352,3.7546,3.9453,4.2439,4.6318,4.8517,4.9246
2025-09-29,3.716,3.6191,3.6082,3.7221,3.9085,4.1986,4.5731,4.7867,4.8672
2025-09-30,3.6945,3.5936,3.5891,3.7195,3.9158,4.2103,4.5852,4.8042,4.9138
2025-10-01,3.6471,3.5342,3.5297,3.669,3.8737,4.1764,4.5607,4.7888,4.9172
2025-10-02,3.6448,3.5325,3.5251,3.6571,3.856,4.1535,4.5344,4.762,4.8925
2025-10-03,3.6603,3.5611,3.5613,3.6987,3.8967,4.1888,4.5601,4.7813,4.9081
2025-10-06,3.6702,3.5829,3.5897,3.7348,3.9382,4.2365,4.6129,4.8339,4.9517
2025-10-07,3.6567,3.5575,3.5563,3.6937,3.8956,4.1957,4.5763,4.7987,4.9118
2025-10-08,3.6681,3.5722,3.5719,3.7071,3.9047,4.1984,4.5718,4.7917,4.9088
2025-10-09,3.672,3.5781,3.5805,3.719,3.9171,4.2087,4.5774,4.7944,4.9114
2025-10-10,3.6218,3.5005,3.496,3.634,3.8302,4.1148,4.474,4.69,4.8237
2025-10-14,3.5929,3.4545,3.4465,3.5897,3.7935,4.088,4.4586,4.6812,4.8193
2025-10-15,3.6094,3.4829,3.4749,3.6134,3.8158,4.1119,4.484,4.7034,4.8254
2025-10-16,3.5551,3.4027,3.3917,3.5371,3.7443,4.0427,4.4175,4.6427,4.7833
2025-10-17,3.5774,3.4401,3.4341,3.5795,3.7834,4.0764,4.4439,4.6643,4.8009
2025-10-20,3.5784,3.442,3.431,3.5673,3.7668,4.0576,4.4238,4.6417,4.7699
2025-10-21,3.5738,3.4316,3.4164,3.5465,3.7418,4.0284,4.3915,4.6093,4.7412
2025-10-22,3.5705,3.4217,3.4097,3.5463,3.7425,4.0259,4.384,4.6018,4.7445
2025-10-23,3.5947,3.4649,3.4566,3.5913,3.7858,4.0687,4.4262,4.6417,4.7761
2025-10-24,3.5826,3.4636,3.4568,3.5912,3.7876,4.0755,4.439,4.6543,4.7768
2025-10-27,3.5952,3.4828,3.474,3.5986,3.7864,4.0659,4.4216,4.6329,4.7516
2025-10-28,3.5873,3.4762,3.4671,3.5894,3.7748,4.0511,4.403,4.6121,4.7291
2025-10-29,3.6823,3.5826,3.5715,3.682,3.8586,4.1285,4.474,4.6735,4.7628
2025-10-30,3.6954,3.5934,3.5836,3.7004,3.884,4.1628,4.5178,4.7216,4.8108
2025-10-31,3.689,3.5833,3.5719,3.6901,3.8782,4.1652,4.5316,4.742,4.833
2025-11-03,3.6843,3.587,3.5788,3.6986,3.8881,4.1787,4.552,4.7675,4.8614
2025-11-04,3.6575,3.563,3.5556,3.6752,3.8641,4.1545,4.5286,4.7446,4.8379
2025-11-05,3.694,3.6182,3.618,3.7404,3.9305,4.2256,4.6066,4.8216,4.8912
2025-11-06,3.6414,3.5507,3.5452,3.6681,3.862,4.1611,4.5467,4.7674,4.8544
2025-11-07,3.6324,3.5402,3.5339,3.6583,3.856,4.1625,4.5577,4.7824,4.8641
2025-11-10,3.6492,3.5724,3.5705,3.6913,3.8828,4.1834,4.5744,4.7946,4.8595
2025-11-12,3.6405,3.5474,3.5368,3.6502,3.8388,4.1368,4.5261,4.7489,4.8288
2025-11-13,3.6665,3.5736,3.5657,3.685,3.8769,4.1757,4.5635,4.7872,4.8785
2025-11-14,3.682,3.5978,3.5928,3.7132,3.907,4.2117,4.6093,4.8361,4.9137
2025-11-17,3.681,3.5937,3.5847,3.6982,3.8881,4.1914,4.5912,4.8197,4.8944
2025-11-18,3.6535,3.5582,3.5498,3.6732,3.8736,4.1874,4.5957,4.8299,4.9185
2025-11-19,3.6682,3.5683,3.5593,3.684,3.8848,4.1965,4.6007,4.8347,4.9342
2025-11-20,3.6433,3.5351,3.5246,3.6526,3.8564,4.1697,4.5739,4.8095,4.9193
2025-11-21,3.6063,3.4897,3.4737,3.5989,3.8076,4.1336,4.5569,4.802,4.9065
2025-11-24,3.6007,3.4811,3.4639,3.5866,3.7909,4.1086,4.5211,4.7622,4.8745
2025-11-25,3.5907,3.4569,3.4318,3.5494,3.7555,4.0801,4.5039,4.7523,4.8674
2025-11-26,3.6092,3.4724,3.4429,3.552,3.7514,4.0689,4.4847,4.7265,4.8306
2025-11-28,3.6186,3.4903,3.4655,3.5787,3.7798,4.0983,4.5139,4.7536,4.8509
2025-12-01,3.6232,3.5307,3.5226,3.6466,3.8504,4.1731,4.5958,4.8368,4.9172
2025-12-02,3.6031,3.5052,3.4999,3.6345,3.8455,4.1706,4.5895,4.8302,4.9286
2025-12-03,3.5774,3.4766,3.4691,3.6016,3.8129,4.1409,4.5671,4.8149,4.9229
2025-12-04,3.6027,3.5188,3.5204,3.6586,3.8684,4.1906,4.6081,4.8513,4.96
2025-12-05,3.6095,3.5527,3.5594,3.6877,3.8889,4.2135,4.6496,4.897,4.9467
2025-12-08,3.6139,3.5724,3.5884,3.7247,3.9269,4.2487,4.6784,4.92,4.9601
2025-12-09,3.6267,3.6005,3.6206,3.7501,3.9412,4.2514,4.6757,4.915,4.9356
2025-12-10,3.6054,3.5281,3.544,3.7045,3.9203,4.2337,4.6298,4.8659,5.0034
2025-12-11,3.5573,3.5204,3.5428,3.6909,3.9,4.224,4.6491,4.8906,4.9574
2025-12-12,3.5522,3.5253,3.5586,3.7259,3.9484,4.2831,4.7142,4.9593,5.0414
2025-12-15,3.5321,3.498,3.5327,3.7083,3.9357,4.2693,4.6932,4.9395,5.0549
2025-12-16,3.5186,3.465,3.4942,3.6714,3.9013,4.2345,4.6552,4.9039,5.0407
2025-12-17,3.5226,3.4761,3.5054,3.6791,3.9079,4.2436,4.67,4.9191,5.0425
2025-12-18,3.5044,3.4518,3.4754,3.6416,3.8682,4.2061,4.6387,4.8906,5.0069
2025-12-19,3.5061,3.4741,3.5058,3.6742,3.899,4.2367,4.6722,4.9235,5.0234
2025-12-22,3.5162,3.4956,3.53,3.6938,3.9131,4.2475,4.6858,4.9383,5.022
2025-12-23,3.5363,3.5287,3.5636,3.714,3.9183,4.241,4.6791,4.9319,4.9815
2025-12-24,3.5416,3.5278,3.5576,3.7004,3.8992,4.2158,4.6479,4.8983,4.9498
2025-12-26,3.5131,3.4816,3.5106,3.6707,3.8882,4.2193,4.6532,4.9082,5.0174
2025-12-29,3.4989,3.4595,3.4868,3.6492,3.8688,4.1995,4.6302,4.8867,5.0169
2025-12-30,3.4878,3.4451,3.4799,3.6592,3.8858,4.2127,4.6299,4.8846,5.0492
2025-12-31,3.5082,3.4717,3.5167,3.7092,3.9374,4.2568,4.6615,4.9147,5.1025
2026-01-02,3.4986,3.4727,3.5211,3.7178,3.9524,4.2822,4.696,4.9458,5.105
2026-01-05,3.4874,3.4512,3.4946,3.6881,3.923,4.2552,4.6742,4.9295,5.0975
2026-01-06,3.5001,3.4636,3.5055,3.6971,3.9322,4.2664,4.6883,4.9439,5.1069
2026-01-07,3.4979,3.4624,3.4979,3.6734,3.8972,4.223,4.6413,4.8958,5.0541
2026-01-08,3.5116,3.4793,3.5265,3.7203,3.9482,4.2669,4.6715,4.9259,5.1186
2026-01-09,3.545,3.5295,3.5678,3.7307,3.9385,4.2468,4.6488,4.8928,5.0315
2026-01-12,3.5489,3.5303,3.5708,3.741,3.9529,4.2617,4.6608,4.9066,5.0661
2026-01-13,3.5463,3.5106,3.5489,3.7257,3.9425,4.2517,4.6475,4.895,5.0744
2026-01-14,3.5368,3.5015,3.5336,3.6975,3.9077,4.2151,4.6126,4.8578,5.0193
2026-01-15,3.5704,3.5531,3.5888,3.7446,3.9434,4.238,4.6223,4.8569,4.9959
2026-01-16,3.5834,3.5869,3.6347,3.8012,4.003,4.2971,4.6763,4.9035,5.0254
2026-01-20,3.5774,3.5843,3.6455,3.8423,4.0657,4.3756,4.7608,4.9901,5.1274
2026-01-21,3.5812,3.5772,3.629,3.8128,4.0295,4.3358,4.7204,4.9489,5.0804
2026-01-22,3.5937,3.5923,3.6468,3.8299,4.0387,4.3285,4.6908,4.9108,5.056
2026-01-23,3.5875,3.5803,3.635,3.8202,4.0283,4.3139,4.6709,4.8911,5.049
2026-01-26,3.5842,3.5676,3.6213,3.8065,4.0116,4.2906,4.6402,4.8601,5.031
2026-01-27,3.5653,3.5471,3.61,3.812,4.0265,4.313,4.67,4.8964,5.08
2026-01-28,3.5821,3.5636,3.6268,3.8309,4.0484,4.3385,4.6977,4.9226,5.0979
2026-01-29,3.5554,3.5319,3.59,3.793,4.0164,4.3176,4.6899,4.9193,5.0865
2026-01-30,3.5368,3.5038,3.5712,3.7903,4.0204,4.325,4.7017,4.9388,5.1277
2026-02-02,3.5598,3.5452,3.6103,3.8227,4.052,4.3591,4.7383,4.9727,5.1465
2026-02-03,3.5626,3.5464,3.6103,3.821,4.049,4.3548,4.7332,4.9678,5.1438
2026-02-04,3.5645,3.539,3.6102,3.8315,4.0611,4.3645,4.7412,4.9804,5.1772
2026-02-05,3.4922,3.4563,3.5169,3.7338,3.9705,4.288,4.68,4.9224,5.1027
2026-02-06,3.5098,3.4824,3.5389,3.7457,3.9776,4.2926,4.6828,4.9222,5.0924
2026-02-09,3.5011,3.473,3.5289,3.7364,3.9701,4.2881,4.6807,4.9195,5.0839
2026-02-10,3.4771,3.4398,3.4902,3.6899,3.9175,4.2282,4.6134,4.8493,5.0155
2026-02-11,3.528,3.4999,3.5449,3.7308,3.9518,4.2615,4.6497,4.8852,5.0396
2026-02-12,3.5046,3.4515,3.4826,3.6556,3.8715,4.1776,4.5623,4.7945,4.942
2026-02-13,3.4711,3.3905,3.4151,3.5923,3.8151,4.1291,4.5235,4.7643,4.9276
2026-02-17,3.4954,3.4255,3.4459,3.6086,3.8217,4.1285,4.5165,4.7504,4.8956
2026-02-18,3.5109,3.4493,3.4732,3.6384,3.8526,4.1607,4.5494,4.7822,4.922
2026-02-19,3.5174,3.453,3.4721,3.6297,3.8409,4.1494,4.5413,4.7751,4.9096
2026-02-20,3.526,3.4651,3.4812,3.632,3.842,4.1564,4.5606,4.799,4.9198
2026-02-23,3.5152,3.4212,3.4223,3.5668,3.7815,4.1062,4.5258,4.7764,4.9141
2026-02-24,3.5289,3.442,3.4439,3.584,3.7939,4.1137,4.528,4.7734,4.8989
2026-02-25,3.5337,3.4592,3.4641,3.6005,3.8049,4.1194,4.5295,4.771,4.8847
2026-02-26,3.5214,3.432,3.4305,3.5645,3.7702,4.0863,4.4976,4.7407,4.8613
2026-02-27,3.4862,3.3717,3.3648,3.506,3.7207,4.0444,4.4605,4.7087,4.8471
2026-03-02,3.5402,3.4671,3.4695,3.6001,3.8024,4.1195,4.5372,4.7808,4.8797
2026-03-03,3.5592,3.4867,3.4878,3.6146,3.8139,4.129,4.5458,4.7877,4.8777
2026-03-04,3.5875,3.529,3.5328,3.6523,3.8423,4.1501,4.5665,4.809,4.8826
2026-03-05,3.5973,3.5634,3.5776,3.6989,3.8846,4.1897,4.6092,4.8471,4.8719
2026-03-06,3.5756,3.554,3.5758,3.7053,3.8958,4.2079,4.6392,4.882,4.8885
2026-03-09,3.5891,3.5532,3.566,3.6863,3.8727,4.1801,4.6023,4.8383,4.8483
2026-03-10,3.5921,3.5701,3.589,3.7104,3.8944,4.2031,4.6412,4.8928,4.8932
2026-03-11,3.6218,3.6142,3.6423,3.7727,3.9601,4.2725,4.7213,4.9848,4.9882
2026-03-12,3.7054,3.7118,3.7467,3.8758,4.0506,4.3374,4.7517,5.0025,5.0258
2026-03-13,3.6907,3.6955,3.7313,3.8671,4.0519,4.3536,4.784,5.0371,5.0406
2026-03-16,3.6597,3.6482,3.6728,3.7971,3.9796,4.2863,4.7291,4.9889,4.9872
2026-03-17,3.6538,3.6382,3.6595,3.7792,3.9589,4.2641,4.7083,4.9728,4.9854
2026-03-18,3.7118,3.7116,3.7416,3.8652,4.0384,4.3264,4.7457,5.0004,5.0251
2026-03-19,3.7727,3.759,3.7776,3.8831,4.0426,4.3156,4.7174,4.959,4.9646
2026-03-20,3.8582,3.8601,3.8919,4.0177,4.1908,4.4747,4.8783,5.1106,5.0881
2026-03-23,3.8122,3.8094,3.8382,3.9616,4.1353,4.4223,4.8308,5.0648,5.0385
2026-03-24,3.8755,3.8818,3.9145,4.0354,4.1988,4.4661,4.8494,5.0759,5.0713
2026-03-25,3.8341,3.8343,3.862,3.9754,4.1342,4.399,4.7858,5.021,5.0381
2026-03-26,3.9005,3.9297,3.9761,4.104,4.2582,4.4993,4.8423,5.0532,5.0815
2026-03-27,3.8409,3.8709,3.9218,4.0664,4.2417,4.5143,4.8931,5.1139,5.1097
2026-03-30,3.7777,3.7932,3.8339,3.9674,4.1399,4.4161,4.8068,5.036,5.0328
2026-03-31,3.7518,3.759,3.7934,3.9193,4.0889,4.3663,4.7651,5.0039,5.0146
2026-04-01,3.752,3.7756,3.8217,3.9602,4.1334,4.408,4.7984,5.0346,5.0593
2026-04-02,3.7511,3.7647,3.8036,3.9335,4.1032,4.3769,4.7682,5.0029,5.0175
2026-04-03,3.7991,3.815,3.8549,3.9845,4.1518,4.4208,4.8045,5.0346,5.0477
2026-04-06,3.787,3.8082,3.8508,3.9805,4.1436,4.4035,4.7748,5.001,5.0262
2026-04-07,3.7693,3.7822,3.8205,3.9499,4.1195,4.394,4.7876,5.0244,5.0404
2026-04-08,3.7506,3.7567,3.7901,3.9141,4.0823,4.3588,4.7591,5.0017,5.0221
2026-04-09,3.7398,3.7464,3.7808,3.9075,4.079,4.3607,4.7683,5.0156,5.0387
2026-04-10,3.7536,3.7646,3.8022,3.9325,4.105,4.3852,4.787,5.0282,5.0438
2026-04-13,3.7422,3.7475,3.7812,3.9078,4.0801,4.363,4.7707,5.0151,5.0279
2026-04-14,3.7245,3.7184,3.7437,3.8608,4.0299,4.3145,4.7308,4.983,5.0016
2026-04-15,3.7264,3.73,3.7623,3.8873,4.059,4.3428,4.7549,5.0053,5.0294
2026-04-16,3.7266,3.7365,3.7742,3.9075,4.0852,4.375,4.7927,5.0459,5.0724
2026-04-17,3.6807,3.6771,3.7063,3.8329,4.0125,4.3115,4.7441,5.0025,5.0159
2026-04-20,3.6893,3.6874,3.7171,3.8424,4.0188,4.312,4.7369,4.9929,5.0149
2026-04-21,3.7259,3.7351,3.7712,3.8995,4.071,4.3514,4.7571,5.0055,5.0383
2026-04-22,3.7311,3.7442,3.7826,3.9123,4.0828,4.3601,4.7617,5.0093,5.0477
2026-04-23,3.7499,3.7741,3.8199,3.9564,4.1268,4.398,4.7877,5.0296,5.0755
2026-04-24,3.7204,3.7349,3.7751,3.9089,4.0836,4.3659,4.7717,5.0185,5.0472
2026-04-27,3.7341,3.7571,3.8034,3.9442,4.1212,4.403,4.8056,5.0521,5.0896
2026-04-28,3.7573,3.7877,3.8379,3.9794,4.1514,4.4216,4.8073,5.0468,5.095
2026-04-29,3.8147,3.8558,3.9126,4.0579,4.2262,4.4848,4.8522,5.0848,5.1496
2026-04-30,3.7727,3.8125,3.8695,4.019,4.1942,4.4649,4.8495,5.0916,5.1554
2026-05-01,3.7794,3.8191,3.8754,4.022,4.1933,4.458,4.8347,5.0734,5.1405
2026-05-04,3.8301,3.8778,3.9393,4.0906,4.2616,4.5215,4.8894,5.1248,5.2021
2026-05-05,3.8063,3.8602,3.9255,4.079,4.2476,4.4999,4.8547,5.0831,5.1662
2026-05-06,3.7635,3.8017,3.856,3.998,4.1646,4.4234,4.7957,5.0363,5.1186
2026-05-07,3.7923,3.8412,3.9026,4.0509,4.2172,4.4698,4.8306,5.0675,5.1662
2026-05-08,3.7815,3.8239,3.8805,4.0227,4.1862,4.4381,4.8012,5.0401,5.138
2026-05-11,3.8122,3.865,3.9285,4.0774,4.2411,4.4874,4.8387,5.0721,5.1804
2026-05-12,3.8418,3.9052,3.9765,4.1342,4.3007,4.5451,4.8885,5.1169,5.2317
2026-05-13,3.8302,3.894,3.9662,4.1264,4.296,4.5454,4.8961,5.1296,5.2476
2026-05-14,3.8457,3.9118,3.9843,4.1415,4.305,4.5432,4.8782,5.1046,5.233
2026-05-15,3.8925,3.9893,4.0854,4.2728,4.45,4.6898,5.0058,5.2118,5.3322
2026-05-18,3.8962,3.9921,4.0879,4.2758,4.4544,4.6967,5.0159,5.2223,5.3347
2026-05-19,3.9139,4.0277,4.1368,4.3408,4.5252,4.7647,5.0678,5.2607,5.3788
2026-05-20,3.8711,3.9606,4.0518,4.2348,4.4125,4.6579,4.9863,5.2002,5.3143
2026-05-21,3.9049,3.9918,4.0797,4.2552,4.4248,4.6586,4.9721,5.1782,5.2952
2026-05-22,3.9513,4.0329,4.1149,4.2777,4.4344,4.6505,4.9429,5.14,5.269
2026-05-26,3.8976,3.9664,4.0399,4.1951,4.3532,4.5802,4.8963,5.1092,5.231
2026-05-27,3.8884,3.9555,4.0277,4.181,4.3378,4.5637,4.8788,5.0909,5.2103
2026-05-28,3.8806,3.9443,4.0134,4.1613,4.314,4.5356,4.8472,5.0591,5.1831
2026-05-29,3.8765,3.9342,3.9994,4.1444,4.2983,4.5256,4.8485,5.0669,5.1849
2026-06-01,3.9019,3.9678,4.038,4.1859,4.3364,4.5527,4.8554,5.0618,5.1869
2026-06-02,3.9014,3.9653,4.0334,4.1769,4.3233,4.5342,4.831,5.0355,5.1656
2026-06-03,3.9233,3.9953,4.0693,4.2194,4.3673,4.5752,4.8624,5.0596,5.1923
2026-06-04,3.9001,3.9678,4.0393,4.1882,4.3383,4.5523,4.849,5.0492,5.1659
2026-06-05,3.9911,4.0681,4.1447,4.2947,4.4375,4.633,4.8966,5.0756,5.199
2026-06-08,3.988,4.0642,4.1408,4.2928,4.4391,4.641,4.915,5.1008,5.2241
2026-06-09,3.9676,4.0397,4.1135,4.2622,4.4079,4.6115,4.8903,5.0792,5.1988
2026-06-10,3.9707,4.0449,4.1206,4.273,4.4219,4.6295,4.9124,5.1026,5.219
2026-06-11,3.9261,3.9809,4.0421,4.1768,4.3188,4.5279,4.8247,5.0256,5.1331
2026-06-12,3.944,4.0058,4.0718,4.2117,4.3546,4.5607,4.8493,5.0454,5.159
2026-06-15,3.9265,3.9844,4.0479,4.1856,4.3293,4.5394,4.8376,5.0417,5.1615
2026-06-16,3.9251,3.972,4.0267,4.1521,4.2884,4.4937,4.7911,4.9962,5.1123
2026-06-17,4.0741,4.1148,4.1616,4.2682,4.384,4.559,4.816,4.9978,5.1117
2026-06-18,4.058,4.0907,4.1315,4.2304,4.3427,4.5175,4.7796,4.9666,5.0817
2026-06-22,4.1137,4.1474,4.1889,4.2882,4.3999,4.5727,4.8298,5.0116,5.1182
2026-06-23,4.0803,4.1164,4.1604,4.2646,4.3811,4.5601,4.8243,5.0088,5.1117
2026-06-24,4.053,4.0669,4.0939,4.1768,4.2838,4.4614,4.7358,4.9286,5.0222
2026-06-25,4.0419,4.0481,4.0704,4.1503,4.2599,4.446,4.735,4.9346,5.0163
2026-06-26,4.0186,4.0202,4.0399,4.1195,4.2328,4.4281,4.7331,4.9431,5.0266
2026-06-29,4.0365,4.0359,4.0535,4.1287,4.2379,4.4279,4.7269,4.9343,5.0191
2026-06-30,4.0603,4.0703,4.0961,4.1825,4.2977,4.491,4.7887,4.9938,5.0796
2026-07-01,4.0806,4.1003,4.1334,4.2285,4.3473,4.541,4.8364,5.0423,5.1432
2026-07-02,4.0552,4.0782,4.1153,4.2198,4.3483,4.5546,4.8624,5.0693,5.149
2026-07-06,4.0347,4.0562,4.0926,4.1977,4.3287,4.5405,4.8581,5.0728,5.1598
2026-07-07,4.0817,4.1121,4.1549,4.2669,4.3995,4.6085,4.9184,5.1291,5.2237
2026-07-08,4.0973,4.1319,4.178,4.2939,4.4279,4.6364,4.9419,5.1474,5.2354
2026-07-09,4.0644,4.0966,4.1416,4.2586,4.3964,4.6124,4.9297,5.1421,5.2286
2026-07-10,4.099,4.133,4.1786,4.2941,4.4282,4.6373,4.9444,5.1514,5.241
2026-07-13,4.1505,4.1898,4.2387,4.3559,4.4877,4.6894,4.9831,5.1821,5.274
2026-07-14,4.07,4.1164,4.1716,4.3001,4.4411,4.6538,4.9595,5.1651,5.2616
2026-07-15,4.0208,4.064,4.1179,4.248,4.3944,4.6181,4.9424,5.1606,5.262
2026-07-16,4.0429,4.0871,4.1416,4.2718,4.4173,4.6391,4.9601,5.1763,5.2781
2026-07-17,4.0611,4.1005,4.1503,4.2716,4.4091,4.6212,4.9323,5.1455,5.2541
