Date,beta0,beta1,beta2,lambda1
2022-07-18,3.4646181945006256,-0.05748387477323158,-1.359510417066087,2.6153946544185613
2022-07-19,3.464904037874446,-0.037579356997152646,-1.164022875988319,2.6153946544185613
2022-07-20,3.446278914151034,-0.03771691657631382,-0.9760828008680446,2.6153946544185613
2022-07-21,3.41165359463504,-0.04735841743524882,-1.4391524969002942,2.6153946544185613
2022-07-22,3.369175361120929,-0.025851755941831644,-1.804734157198558,2.6153946544185613
2022-07-25,3.426186735833303,-0.031573090430962236,-1.8823165159788797,2.6153946544185613
2022-07-26,3.4072703810715623,0.019407783096176856,-1.870296257066547,2.6153946544185613
2022-07-27,3.452598151137679,-0.04956568937296324,-2.1408029559933883,2.6153946544185613
2022-07-28,3.5116903457526694,-0.09429894716577825,-2.7362879702080263,2.6153946544185613
2022-07-29,3.4788404666510773,-0.028859965489674178,-2.696967457221629,2.6153946544185613
2022-08-01,3.366623357401755,0.11638888891682675,-2.677343493374758,2.6153946544185613
2022-08-02,3.3733332367426776,0.14279969255662073,-2.092714678430697,2.6153946544185613
2022-08-03,3.3044554906106773,0.24696679173749075,-2.0082323830501965,2.6153946544185613
2022-08-04,3.3707901233729167,0.2081824443303375,-2.4776570377250233,2.6153946544185613
2022-08-05,3.4000786279902795,0.3052295495313013,-2.0300664876680656,2.6153946544185613
2022-08-08,3.3328371718047354,0.38257441743211373,-2.0979382744721566,2.6153946544185613
2022-08-09,3.323090759868884,0.4180298421913271,-1.9515003878573098,2.6153946544185613
2022-08-10,3.4110144989580267,0.3078350538145144,-2.213647397679208,2.6153946544185613
2022-08-11,3.5686437334347976,0.11234729480945582,-2.2809129361030274,2.6153946544185613
2022-08-12,3.5130337579696964,0.19514023639122025,-2.2452757315288703,2.6153946544185613
2022-08-15,3.511923881976603,0.19452349218283826,-2.445480040714424,2.6153946544185613
2022-08-16,3.484790780409981,0.22767212184516827,-2.2519616772676145,2.6153946544185613
2022-08-17,3.5036650494927697,0.1881441670282894,-1.9721394537304207,2.6153946544185613
2022-08-18,3.506250742201167,0.1370888058945099,-1.9980183039620198,2.6153946544185613
2022-08-19,3.6038751933652184,0.004322714708985043,-1.8415377089966416,2.6153946544185613
2022-08-22,3.5947078623387423,0.04188861761332563,-1.6380361360222235,2.6153946544185613
2022-08-23,3.605339553211705,-0.02902962164282652,-1.5376842030637468,2.6153946544185613
2022-08-24,3.667448453671237,-0.04284169314573283,-1.5126791636164616,2.6153946544185613
2022-08-25,3.5818114554196026,0.08463207626780123,-1.6131053086581484,2.6153946544185613
2022-08-26,3.501521350847167,0.152247879951379,-1.299017388680823,2.6153946544185613
2022-08-29,3.5439174195584546,0.1024774833941332,-1.1571817241583897,2.6153946544185613
2022-08-30,3.497053027551476,0.19499944196635643,-1.0912029910303522,2.6153946544185613
2022-08-31,3.5605584332482856,0.13876194565276828,-1.171528128111668,2.6153946544185613
2022-09-01,3.672600182573234,0.027753953070816795,-1.0516590749183303,2.6153946544185613
2022-09-02,3.6968983194075156,-0.022653023909375625,-1.3581294675832254,2.6153946544185613
2022-09-06,3.819600782260287,-0.09845612758463795,-1.2509536779172823,2.6153946544185613
2022-09-07,3.7576633735032474,-0.019463324829494755,-1.3678463845136406,2.6153946544185613
2022-09-08,3.784851478558136,0.01402403238982064,-1.4131553749440913,2.6153946544185613
2022-09-09,3.786251241016352,0.11584503077850733,-1.3970185714430432,2.6153946544185613
2022-09-12,3.8718785678255014,0.06390276924764626,-1.5470255044924541,2.6153946544185613
2022-09-13,3.7756802248846677,0.37769872310604785,-1.332817106332945,2.6153946544185613
2022-09-14,3.730531849576686,0.4983934698643181,-1.3222076422069864,2.6153946544185613
2022-09-15,3.704303470972045,0.5528276695219975,-1.0835761917749345,2.6153946544185613
2022-09-16,3.799509474996995,0.5187244161232465,-1.4619867973952385,2.6153946544185613
2022-09-19,3.7412034664457128,0.631319507904147,-1.207974371854017,2.6153946544185613
2022-09-20,3.834665875446815,0.5416517052720824,-1.1881173407018821,2.6153946544185613
2022-09-21,3.6595280486379727,0.755924244581581,-0.908393389942626,2.6153946544185613
2022-09-22,3.7690256320660436,0.567565800997992,-0.38530850703927527,2.6153946544185613
2022-09-23,3.6912701445055305,0.7530351142425447,-0.29783292691724905,2.6153946544185613
2022-09-26,3.728695787002791,0.6473766477421392,0.4030287858778511,2.6153946544185613
2022-09-27,3.9350022855113256,0.4569764568154581,0.17751028645760702,2.6153946544185613
2022-09-28,3.888083817754782,0.5250615295151633,-0.737522988082379,2.6153946544185613
2022-09-29,3.867496010407063,0.573443515816583,-0.5251911424302365,2.6153946544185613
2022-09-30,3.93858915751977,0.5317643255333363,-0.45783289723255577,2.6153946544185613
2022-10-03,3.9521606092415813,0.6072797682276827,-1.1978514241585658,2.6153946544185613
2022-10-04,3.9443507098207977,0.6658706181063014,-1.4504823016345156,2.6153946544185613
2022-10-05,4.028014699798696,0.5546362564035864,-1.1470901035754186,2.6153946544185613
2022-10-06,4.001069630912215,0.5782711557010408,-0.808340686443739,2.6153946544185613
2022-10-07,4.000891670683151,0.5745503363813215,-0.5170175298776131,2.6153946544185613
2022-10-11,4.12260190863578,0.5173130771906531,-0.8017255087960122,2.6153946544185613
2022-10-12,4.1169710689665555,0.5174091290169948,-0.8707886988359991,2.6153946544185613
2022-10-13,4.166379456205924,0.671699830099441,-0.939601616749595,2.6153946544185613
2022-10-14,4.169216214703859,0.6780171685569906,-0.8240664505083815,2.6153946544185613
2022-10-17,4.240130439509301,0.5733239344434442,-0.9616257142548983,2.6153946544185613
2022-10-18,4.256162756351831,0.5699093221891065,-1.1206724704166575,2.6153946544185613
2022-10-19,4.300878153294898,0.528798442997905,-0.72744875472798,2.6153946544185613
2022-10-20,4.370807983894293,0.45211259766730827,-0.5199309458467719,2.6153946544185613
2022-10-21,4.613436858400884,0.21891490633967575,-1.3496368804333838,2.6153946544185613
2022-10-24,4.706740908892208,0.14683714340308907,-1.483709872953894,2.6153946544185613
2022-10-25,4.542260353633945,0.3455117580516319,-1.5913030797259309,2.6153946544185613
2022-10-26,4.463051249000312,0.4351292650002876,-1.629722074841084,2.6153946544185613
2022-10-27,4.389386146890467,0.43727643833356383,-1.6836702088268607,2.6153946544185613
2022-10-28,4.471744774272362,0.4861567684289427,-1.7612220030665582,2.6153946544185613
2022-10-31,4.5320455025812105,0.5015746098132003,-1.7630991317334277,2.6153946544185613
2022-11-01,4.336755663152879,0.6642321494506536,-1.263251458680888,2.6153946544185613
2022-11-02,4.309477826689761,0.7483763370958464,-1.1419654475228216,2.6153946544185613
2022-11-03,4.303585088021955,0.8306662456921876,-1.0351270699277697,2.6153946544185613
2022-11-04,4.490214953750605,0.6517071412425884,-1.4870511567838314,2.6153946544185613
2022-11-07,4.557557423160315,0.631743237903168,-1.4990963306441607,2.6153946544185613
2022-11-08,4.519242615464878,0.7092472708527153,-1.7846558471924212,2.6153946544185613
2022-11-09,4.590349861922626,0.6188326445484564,-2.0004741328261515,2.6153946544185613
2022-11-10,4.4093990582059694,0.6789063717521294,-2.638931405041098,2.6153946544185613
2022-11-14,4.435928947312831,0.7374425572303112,-2.626136177499887,2.6153946544185613
2022-11-15,4.340742377918782,0.8142518778266671,-2.6562302812511307,2.6153946544185613
2022-11-16,4.197091929807014,1.0333736620061411,-2.8411311832759263,2.6153946544185613
2022-11-17,4.20899792510519,1.0366964418555908,-2.5436068681357678,2.6153946544185613
2022-11-18,4.235545396219791,1.0615577465882557,-2.4854932056633596,2.6153946544185613
2022-11-21,4.239530859636016,1.1392166568670972,-2.5223007822952876,2.6153946544185613
2022-11-22,4.115294149869759,1.2250399070761782,-2.4299377260610755,2.6153946544185613
2022-11-23,4.00260885062084,1.3449122808376686,-2.3788340188657373,2.6153946544185613
2022-11-25,4.031869902377226,1.3390499027439198,-2.591107031275833,2.6153946544185613
2022-11-28,3.9940797975544005,1.3587176795961893,-2.4173406306900205,2.6153946544185613
2022-11-29,4.067442570113931,1.2690785513672573,-2.3981860031260487,2.6153946544185613
2022-11-30,4.110005449862001,1.2392229196515143,-2.8674467727978925,2.6153946544185613
2022-12-01,3.943852828414948,1.3524136726270168,-2.9491088402184116,2.6153946544185613
2022-12-02,3.839422996532369,1.4668219344339353,-2.7623231493322558,2.6153946544185613
2022-12-05,3.8435448280137967,1.4862910220173573,-2.378888944596974,2.6153946544185613
2022-12-06,3.75012387328733,1.5740012256037863,-2.459914774179225,2.6153946544185613
2022-12-07,3.6406174969873106,1.6318418963536665,-2.5057603458038415,2.6153946544185613
2022-12-08,3.624476875671248,1.6103506409203128,-2.1303249443364187,2.6153946544185613
2022-12-09,3.7785373837977563,1.4701965837644195,-2.293471359972426,2.6153946544185613
2022-12-12,3.7625201866681293,1.5169791131444965,-2.1579860567214877,2.6153946544185613
2022-12-13,3.743496497115234,1.4642560862782743,-2.505585100800892,2.6153946544185613
2022-12-14,3.7428057027442567,1.4856986040532276,-2.594654738909565,2.6153946544185613
2022-12-15,3.6979523304854465,1.5674163971594148,-2.6457333926718962,2.6153946544185613
2022-12-16,3.7680434216395247,1.407706803786451,-2.6402837113317377,2.6153946544185613
2022-12-19,3.845135121905303,1.3215752180282552,-2.475684926455142,2.6153946544185613
2022-12-20,3.971728381228326,1.1297770417866115,-2.3216263976342346,2.6153946544185613
2022-12-21,3.9823801325558272,1.0686931973431033,-2.3124969147558296,2.6153946544185613
2022-12-22,3.945132817344713,1.145482681724797,-2.272046937380522,2.6153946544185613
2022-12-23,4.050074450686449,1.081571142659776,-2.3188313674221916,2.6153946544185613
2022-12-27,4.157719782949171,0.9963011269209902,-2.2466944597323453,2.6153946544185613
2022-12-28,4.2009884595871725,0.9256643719821678,-2.205275681265642,2.6153946544185613
2022-12-29,4.1459691351621215,1.0342799809999805,-2.2699814495625823,2.6153946544185613
2022-12-30,4.1882843743245814,1.0742345642555602,-2.3059866008321643,2.6153946544185613
2023-01-03,4.1038734448360445,1.162070311797594,-2.4029582938470258,2.6153946544185613
2023-01-04,4.032930674208911,1.269021628225848,-2.624634075316947,2.6153946544185613
2023-01-05,3.9804726605467247,1.3823670666000951,-2.4596684998527776,2.6153946544185613
2023-01-06,3.950047162607383,1.3776595656004245,-3.0310925001315345,2.6153946544185613
2023-01-09,3.958167348123473,1.3474625100430973,-3.122929817413075,2.6153946544185613
2023-01-10,4.043097268632922,1.285045546251629,-3.1081238867573324,2.6153946544185613
2023-01-11,3.9741756523861893,1.3614023494735867,-3.186678084939161,2.6153946544185613
2023-01-12,3.882701051955788,1.4549359685785868,-3.4221616449397856,2.6153946544185613
2023-01-13,3.883539890278832,1.4746855579306009,-3.216464842611795,2.6153946544185613
2023-01-17,3.9464501556586087,1.357247213448097,-3.255949865091368,2.6153946544185613
2023-01-18,3.86540141394678,1.48231528755095,-3.7505929668253564,2.6153946544185613
2023-01-19,3.890956754278741,1.5053353068538575,-3.7432172144772142,2.6153946544185613
2023-01-20,3.9719155139262607,1.41965893420519,-3.633726358134355,2.6153946544185613
2023-01-23,3.977826958949344,1.4333260717333451,-3.499297304655664,2.6153946544185613
2023-01-24,3.900448377979271,1.5168963869189165,-3.502642372171587,2.6153946544185613
2023-01-25,3.922493517153466,1.5040637345124033,-3.6063961839422327,2.6153946544185613
2023-01-26,3.896493941131016,1.5364094052042399,-3.419462271626291,2.6153946544185613
2023-01-27,3.8984923052166005,1.5320601025628624,-3.3207755733019555,2.6153946544185613
2023-01-30,3.89681309437466,1.5309127347481906,-3.1567301794675884,2.6153946544185613
2023-01-31,3.9244206031868885,1.498301983924335,-3.352125069007465,2.6153946544185613
2023-02-01,3.866213288158752,1.5613509708053825,-3.7681648995301495,2.6153946544185613
2023-02-02,3.8619545482387876,1.5461325079384367,-3.708659641635288,2.6153946544185613
2023-02-03,3.857845383061157,1.651766165061854,-3.2310700220970237,2.6153946544185613
2023-02-06,3.816232669895813,1.710573503455305,-2.726298574768657,2.6153946544185613
2023-02-07,3.8643479975135646,1.6650256905083327,-2.6909007349547744,2.6153946544185613
2023-02-08,3.8855532865025584,1.6682837729154374,-2.861919882233562,2.6153946544185613
2023-02-09,3.8973949515328297,1.6629354075954188,-2.7236492318988748,2.6153946544185613
2023-02-10,3.9950512277216186,1.5619667144567244,-2.7293181701698153,2.6153946544185613
2023-02-13,3.9134030230850194,1.6654238167891906,-2.617038381748773,2.6153946544185613
2023-02-14,3.8870742876013584,1.7383855430234636,-2.372579502331883,2.6153946544185613
2023-02-15,3.9994829914226084,1.6754684225944085,-2.517364587886881,2.6153946544185613
2023-02-16,4.042613014848488,1.5658100371423074,-2.426552692758185,2.6153946544185613
2023-02-17,4.023915875830129,1.6215990124053672,-2.5764874953240913,2.6153946544185613
2023-02-21,4.089682650761992,1.5405313318349787,-2.2318312004146788,2.6153946544185613
2023-02-22,4.095444698756648,1.6049057942504725,-2.3527934333923852,2.6153946544185613
2023-02-23,4.039909454911982,1.6560885096945839,-2.357155837229746,2.6153946544185613
2023-02-24,4.073213808956554,1.6539612124692713,-2.1360034398543783,2.6153946544185613
2023-02-27,4.088986396766215,1.653901308617008,-2.3023812005465714,2.6153946544185613
2023-02-28,4.081897274722531,1.6973371940035467,-2.3396106785255784,2.6153946544185613
2023-03-01,4.088617116691484,1.6881937116694845,-1.996821499922401,2.6153946544185613
2023-03-02,4.145599932152609,1.5965116727217168,-1.8669392709992452,2.6153946544185613
2023-03-03,3.9872428954394143,1.7613773666191883,-1.808038251457203,2.6153946544185613
2023-03-06,3.966778622320023,1.746977626210676,-1.7026235127188556,2.6153946544185613
2023-03-07,3.9720985087548932,2.0264542941967156,-2.027392820706811,2.6153946544185613
2023-03-08,3.9485844043831513,2.0977644576704395,-1.970349596417941,2.6153946544185613
2023-03-09,4.026443205680918,1.9529844812351662,-2.4136913904433053,2.6153946544185613
2023-03-10,3.8887741724540152,1.9020503750385762,-2.7484701611661495,2.6153946544185613
2023-03-13,3.971075769408103,1.06681279583988,-2.7176032771368526,2.6153946544185613
2023-03-14,4.015762220520101,1.2173989936368568,-2.731587307234024,2.6153946544185613
2023-03-15,3.9868945712413137,0.9180711777952633,-2.8050500337960274,2.6153946544185613
2023-03-16,3.9111438085245744,1.2309734380498387,-2.5563765738857334,2.6153946544185613
2023-03-17,3.9707603318137634,0.9276813825347298,-3.169056019003431,2.6153946544185613
2023-03-20,3.9917078662507253,0.9499507822026798,-2.890922237678346,2.6153946544185613
2023-03-21,4.010089330512043,1.1752251843961254,-2.7551772678998243,2.6153946544185613
2023-03-22,4.055651900118976,1.0494997797368708,-3.3373209208535775,2.6153946544185613
2023-03-23,4.1064558806902145,0.8539421398964948,-3.746243115069677,2.6153946544185613
2023-03-24,4.068772010618092,0.8304025587516192,-3.546206196045742,2.6153946544185613
2023-03-27,4.149234454349914,0.9395476637188932,-3.3574627802878534,2.6153946544185613
2023-03-28,4.123762372555991,1.0194940436639697,-3.2577954452960634,2.6153946544185613
2023-03-29,4.119786011882514,1.0473603368581648,-3.185048531896049,2.6153946544185613
2023-03-30,4.081202788119477,1.1543371969278042,-3.2571687152954985,2.6153946544185613
2023-03-31,4.022318618795657,1.2278016531334728,-3.3957782640085266,2.6153946544185613
2023-04-03,4.029063411837515,1.2208606702420584,-3.6840238655937325,2.6153946544185613
2023-04-04,4.035804039705658,1.1282413907879272,-3.9735179779598275,2.6153946544185613
2023-04-05,3.9903434743405826,1.1221114946295492,-3.947905309321666,2.6153946544185613
2023-04-06,3.961589296177074,1.1990419573557192,-3.9397587056920673,2.6153946544185613
2023-04-07,3.9878352366057506,1.308273629660548,-3.7892472357275757,2.6153946544185613
2023-04-10,3.999901253296776,1.3058354560953087,-3.7516390897793803,2.6153946544185613
2023-04-11,3.9807795050129067,1.3190716663190991,-3.6231629853126868,2.6153946544185613
2023-04-12,4.056997720112472,1.243901169997574,-4.0062316825479085,2.6153946544185613
2023-04-13,4.096740597498265,1.177964034518747,-3.908496720762083,2.6153946544185613
2023-04-14,4.118418420783549,1.2634032886080135,-3.7888889851942342,2.6153946544185613
2023-04-17,4.167784796876345,1.2523952880397449,-3.6546208270567346,2.6153946544185613
2023-04-18,4.1473123097077895,1.317460082931432,-3.7131461462475177,2.6153946544185613
2023-04-19,4.12715608821167,1.3616488495035033,-3.5887973747231547,2.6153946544185613
2023-04-20,4.120339264281647,1.309973910037367,-3.7625611855199605,2.6153946544185613
2023-04-21,4.15075491891325,1.292607236962771,-3.750675562580965,2.6153946544185613
2023-04-24,4.122304652274009,1.3215684497748281,-3.904672395447161,2.6153946544185613
2023-04-25,4.108981109632404,1.2017666685906776,-4.24769189700341,2.6153946544185613
2023-04-26,4.155088015856092,1.2018032490190584,-4.2957332894997995,2.6153946544185613
2023-04-27,4.171816147829716,1.2997914057096018,-4.024943556453941,2.6153946544185613
2023-04-28,4.086774928050923,1.427917881141569,-4.206874478173158,2.6153946544185613
2023-05-01,4.260064018435511,1.2821939345404516,-4.18068778903234,2.6153946544185613
2023-05-02,4.18507748780665,1.289828226295968,-4.5363990721238485,2.6153946544185613
2023-05-03,4.215906818612984,1.2675278933789857,-4.895602810583215,2.6153946544185613
2023-05-04,4.298377050545393,1.0373248554835166,-5.0722315355380285,2.6153946544185613
2023-05-05,4.275925607088936,1.1682396673049242,-4.792513502542006,2.6153946544185613
2023-05-08,4.346011099217206,1.1543355219596947,-4.73396869281844,2.6153946544185613
2023-05-09,4.368980837150447,1.1485876548926235,-4.768095359477732,2.6153946544185613
2023-05-10,4.377879119458448,1.0942672525662251,-5.1149418509434295,2.6153946544185613
2023-05-11,4.289133369937533,1.1915969052267525,-5.048431959541486,2.6153946544185613
2023-05-12,4.299260783725359,1.2046306577483425,-4.804238319969449,2.6153946544185613
2023-05-15,4.379486120258469,1.1367148251656058,-4.916969944877362,2.6153946544185613
2023-05-16,4.397578985255253,1.1822181603071116,-4.855531948365169,2.6153946544185613
2023-05-17,4.341202970408998,1.2620465350822458,-4.565966380103327,2.6153946544185613
2023-05-18,4.336226396480765,1.340341741953135,-4.287337431670127,2.6153946544185613
2023-05-19,4.367162743242036,1.287617170937878,-4.128784056755184,2.6153946544185613
2023-05-22,4.399007716910008,1.3015899912420585,-4.2194590583305605,2.6153946544185613
2023-05-23,4.3814292125732734,1.363983595078282,-4.27347573554425,2.6153946544185613
2023-05-24,4.390621340365124,1.4385053703541018,-4.300422699135225,2.6153946544185613
2023-05-25,4.35602339516703,1.558179407502195,-3.8680652020991912,2.6153946544185613
2023-05-26,4.281538668411237,1.6737637457158097,-3.739332099506193,2.6153946544185613
2023-05-30,4.281685902350361,1.6805801404009986,-4.177569044572181,2.6153946544185613
2023-05-31,4.246774187365991,1.6828437647183927,-4.304793505108337,2.6153946544185613
2023-06-01,4.239209048220508,1.644209774806145,-4.370506986530226,2.6153946544185613
2023-06-02,4.223987801984271,1.739099757673305,-4.021546432079676,2.6153946544185613
2023-06-05,4.240072304955376,1.6850268150814682,-4.047924638719173,2.6153946544185613
2023-06-06,4.190055917698481,1.7465873295873604,-3.8910840843508097,2.6153946544185613
2023-06-07,4.2607061834454,1.6360298446500945,-3.6629559687765347,2.6153946544185613
2023-06-08,4.202682041193771,1.6975430336861526,-3.7767197612952055,2.6153946544185613
2023-06-09,4.164082505649296,1.7793807581199317,-3.6094218381088967,2.6153946544185613
2023-06-12,4.165094079399721,1.771975920667344,-3.6847435150176278,2.6153946544185613
2023-06-13,4.172828147994579,1.7605026669509083,-3.276864275619886,2.6153946544185613
2023-06-14,4.064359683830408,1.916411476030953,-3.0304924432303997,2.6153946544185613
2023-06-15,4.089999218169368,1.883668918223056,-3.5383265267327375,2.6153946544185613
2023-06-16,4.040693058265932,1.9321576753474914,-3.1870319700329803,2.6153946544185613
2023-06-20,4.014322790012169,1.966139646513371,-3.255550430148944,2.6153946544185613
2023-06-21,3.9948214231320422,2.002279090285821,-3.2828101257257423,2.6153946544185613
2023-06-22,4.0461849924916065,1.9880097729078776,-3.171001366513582,2.6153946544185613
2023-06-23,4.009948439881397,2.0228255141906493,-3.2520970569333745,2.6153946544185613
2023-06-26,4.042289218817163,2.0160102471913013,-3.450983755830066,2.6153946544185613
2023-06-27,4.012226557982457,2.098435851997022,-3.262341606619046,2.6153946544185613
2023-06-28,3.998432726430316,2.128596630027822,-3.4575970643076044,2.6153946544185613
2023-06-29,4.121905766545149,2.065556668221821,-3.192915595768099,2.6153946544185613
2023-06-30,4.072270206640746,2.1935330937563307,-3.3304144165642877,2.6153946544185613
2023-07-03,4.051460643113351,2.2100265296753463,-3.0598603680294882,2.6153946544185613
2023-07-05,4.13838174853928,2.041846528751834,-2.903690992160129,2.6153946544185613
2023-07-06,4.161954040649173,1.9598099281288917,-2.484999815113306,2.6153946544185613
2023-07-07,4.237135702257256,1.842912010973432,-2.630351337432926,2.6153946544185613
2023-07-10,4.266795430643603,1.7652247735081352,-2.9207718475801525,2.6153946544185613
2023-07-11,4.2403850672480585,1.830320624260878,-2.9588361146596442,2.6153946544185613
2023-07-12,4.178908118913406,1.8340659876013916,-3.2757655437439053,2.6153946544185613
2023-07-13,4.1879567351501095,1.7883050424867508,-3.704486802926551,2.6153946544185613
2023-07-14,4.141494894023868,1.902159458980515,-3.3696572510874074,2.6153946544185613
2023-07-17,4.163829201179797,1.8921423616732524,-3.510611636937275,2.6153946544185613
2023-07-18,4.12095705624084,1.9392002715496632,-3.4641084670850044,2.6153946544185613
2023-07-19,4.036510355216617,2.0457380835718446,-3.4315096466612784,2.6153946544185613
2023-07-20,4.075986031072081,1.9769108994322577,-3.1078532121560176,2.6153946544185613
2023-07-21,4.077398847183478,1.99160720463574,-3.1198643529380203,2.6153946544185613
2023-07-24,4.126380919194048,1.983287463751083,-3.163481357425773,2.6153946544185613
2023-07-25,4.133520992804328,1.9671547718765312,-2.9844970248436584,2.6153946544185613
2023-07-26,4.16294782976705,1.9692473475228491,-3.2797118691406406,2.6153946544185613
2023-07-27,4.256987951896379,1.8362145042061435,-2.9338419999072567,2.6153946544185613
2023-07-28,4.2975768316534,1.8320082902682957,-3.30878952609515,2.6153946544185613
2023-07-31,4.257705711939094,1.8343916861229324,-3.146392667004389,2.6153946544185613
2023-08-01,4.382084867704713,1.7502845074981055,-3.2518844238189177,2.6153946544185613
2023-08-02,4.455411964110869,1.6148522652836572,-3.304111141863807,2.6153946544185613
2023-08-03,4.541925013792177,1.4385879999291573,-3.0451245509975116,2.6153946544185613
2023-08-04,4.486903767766944,1.5039265478817148,-3.487548739692918,2.6153946544185613
2023-08-07,4.578850916810088,1.41733735026445,-3.6258386864256944,2.6153946544185613
2023-08-08,4.511225113880084,1.514007594284121,-3.744477232292414,2.6153946544185613
2023-08-09,4.45912619769693,1.5984327756269487,-3.627555843940516,2.6153946544185613
2023-08-10,4.536576912877175,1.4761512725077977,-3.4357412025385545,2.6153946544185613
2023-08-11,4.509554473504833,1.4635669256151598,-2.9994700545954163,2.6153946544185613
2023-08-14,4.467048638794077,1.5227999668609742,-2.797540478736208,2.6153946544185613
2023-08-15,4.527709404322135,1.4327413001294296,-2.8399279337310523,2.6153946544185613
2023-08-16,4.563227575559751,1.3802920328756394,-2.6795012713290283,2.6153946544185613
2023-08-17,4.625361238794489,1.2784285081177948,-2.7263317897857258,2.6153946544185613
2023-08-18,4.6053010521964115,1.3014476783265865,-2.8241701407542363,2.6153946544185613
2023-08-21,4.666836090652861,1.2406967076014386,-2.6713008892070573,2.6153946544185613
2023-08-22,4.668093341533538,1.306629219715933,-2.6896155454851454,2.6153946544185613
2023-08-23,4.455308023889181,1.4737806032957992,-2.6387292209686035,2.6153946544185613
2023-08-24,4.473447515821528,1.4898717766937293,-2.599151791922698,2.6153946544185613
2023-08-25,4.456306571600893,1.5394209956860392,-2.4981820650208695,2.6153946544185613
2023-08-28,4.463263935686161,1.5596977333310338,-2.705765090646007,2.6153946544185613
2023-08-29,4.457508463707991,1.5314444370121598,-3.026719546301202,2.6153946544185613
2023-08-30,4.4618157235192015,1.5255555142487132,-2.9982929010790076,2.6153946544185613
2023-08-31,4.44996537228806,1.547292526119936,-3.1211579640811915,2.6153946544185613
2023-09-01,4.549577375807223,1.392016300093149,-3.01434400130453,2.6153946544185613
2023-09-05,4.608870741502314,1.3729629791630535,-2.9115781425611487,2.6153946544185613
2023-09-06,4.627398241804809,1.4257353842301557,-2.8548394119486233,2.6153946544185613
2023-09-07,4.577746139323346,1.3880691058112933,-2.8100261274574887,2.6153946544185613
2023-09-08,4.528921050021207,1.442503171959058,-2.6992443895126224,2.6153946544185613
2023-09-11,4.5870833482452085,1.3844838111182094,-2.7762647962211138,2.6153946544185613
2023-09-12,4.539125292663883,1.4499147203364924,-2.702132977715573,2.6153946544185613
2023-09-13,4.544571131754779,1.443445601876188,-2.792758856518286,2.6153946544185613
2023-09-14,4.592266610021771,1.3935246422478271,-2.7643155132573463,2.6153946544185613
2023-09-15,4.6915079056241895,1.3384687638244614,-2.904004304122613,2.6153946544185613
2023-09-18,4.652338172523354,1.3980946492637034,-2.8332046157497217,2.6153946544185613
2023-09-19,4.700708133973152,1.3787361364792445,-2.8192667373791487,2.6153946544185613
2023-09-20,4.64689007750392,1.4666668330323862,-2.7635340289546946,2.6153946544185613
2023-09-21,4.824483018528307,1.172268868150759,-2.584247936678015,2.6153946544185613
2023-09-22,4.794208532401951,1.211629500625961,-2.685286156081667,2.6153946544185613
2023-09-25,4.990560892255833,0.9975974085399302,-2.835125270347392,2.6153946544185613
2023-09-26,5.038753198171127,0.9582242162011425,-2.9138486073455856,2.6153946544185613
2023-09-27,5.055384676701846,0.9464996598514221,-2.729399440620442,2.6153946544185613
2023-09-28,5.0673628629119385,0.8853742588422282,-2.845623564903165,2.6153946544185613
2023-09-29,5.108172814954404,0.8491862995054136,-2.9828933028807496,2.6153946544185613
2023-10-02,5.148563725821361,0.7713389221648285,-2.662556314699334,2.6153946544185613
2023-10-03,5.309856752689068,0.5818112695182932,-2.609212794822568,2.6153946544185613
2023-10-04,5.252675456217933,0.5830832164843067,-2.7296244396504346,2.6153946544185613
2023-10-05,5.291332502716836,0.532404519321531,-2.866919816957097,2.6153946544185613
2023-10-06,5.273177362126597,0.513287465145144,-2.550471051779877,2.6153946544185613
2023-10-10,5.213575126786411,0.5516314067284744,-2.826917687664077,2.6153946544185613
2023-10-11,5.037807152233234,0.7552122431278859,-2.655766812540288,2.6153946544185613
2023-10-12,5.240991108105599,0.6023744626466947,-2.7743536631380477,2.6153946544185613
2023-10-13,5.142876260633679,0.7090673759785457,-2.775295028673002,2.6153946544185613
2023-10-16,5.235496577408791,0.5991178525122871,-2.6778516874009024,2.6153946544185613
2023-10-17,5.231655977231391,0.5857783040753537,-2.162353233953553,2.6153946544185613
2023-10-18,5.254171261861943,0.4698597708243989,-1.8615205021363292,2.6153946544185613
2023-10-19,5.409584302761271,0.2176998604953264,-1.89927696574707,2.6153946544185613
2023-10-20,5.461231541486037,0.1762407911311259,-2.2993909204062413,2.6153946544185613
2023-10-23,5.377163347196867,0.3009784936420655,-2.412978161655131,2.6153946544185613
2023-10-24,5.273458998373601,0.40917650577814524,-2.187015126958312,2.6153946544185613
2023-10-25,5.41264758476485,0.24969861686454992,-2.089081471708612,2.6153946544185613
2023-10-26,5.358320419213543,0.30570817846301734,-2.3205354429511003,2.6153946544185613
2023-10-27,5.4220732236364615,0.2547746566062056,-2.6017802777930052,2.6153946544185613
2023-10-30,5.407455478539551,0.2485636190456887,-2.4114769154488296,2.6153946544185613
2023-10-31,5.384882909399995,0.3012671659744651,-2.3708539987704023,2.6153946544185613
2023-11-01,5.376417864694624,0.3120069480719516,-2.847549241557325,2.6153946544185613
2023-11-02,5.157103302971078,0.56943393604195,-2.6066192495480216,2.6153946544185613
2023-11-03,5.181982703427271,0.4913902462412312,-3.082230118565284,2.6153946544185613
2023-11-06,5.211577146436289,0.4766165721470648,-2.7832861229789443,2.6153946544185613
2023-11-07,5.113117625671881,0.610092410048475,-2.8878020937537814,2.6153946544185613
2023-11-08,5.0131864606279635,0.7737854975361483,-2.900700737007843,2.6153946544185613
2023-11-09,5.144008963019613,0.6537940641542288,-2.703297566377759,2.6153946544185613
2023-11-10,5.079664466011265,0.715005492439193,-2.5525916025761,2.6153946544185613
2023-11-13,5.113051302070019,0.6717141475484069,-2.5934801727297536,2.6153946544185613
2023-11-14,5.023833055095006,0.6692064216274752,-3.085874109689645,2.6153946544185613
2023-11-15,5.026212717143249,0.6696438441079315,-2.7325425813927304,2.6153946544185613
2023-11-16,5.01922493433174,0.6731440840155224,-3.0172059355225502,2.6153946544185613
2023-11-17,4.936574486771187,0.7846054985319928,-2.8462410787273678,2.6153946544185613
2023-11-20,4.899760075092933,0.8396496391403097,-2.8483211522817573,2.6153946544185613
2023-11-21,4.924747129022022,0.8020099617396498,-2.9449254977130863,2.6153946544185613
2023-11-22,4.8825755581282575,0.8560652026443721,-2.8088194470628074,2.6153946544185613
2023-11-24,4.976396283465721,0.7864792652740307,-2.826806812736936,2.6153946544185613
2023-11-27,4.863878955026626,0.8648783756307863,-2.8472663418321145,2.6153946544185613
2023-11-28,4.928132236707075,0.7629799623471656,-3.2157007017563326,2.6153946544185613
2023-11-29,4.852467703978693,0.7642675909839765,-3.222324338026679,2.6153946544185613
2023-11-30,4.933352875502369,0.6832117568570989,-3.0664103863215657,2.6153946544185613
2023-12-01,4.8473781028187535,0.6939904304157372,-3.3687601948699357,2.6153946544185613
2023-12-04,4.829017613351342,0.7219650130513641,-3.0590839788558033,2.6153946544185613
2023-12-05,4.694665990715723,0.8386880629909729,-3.0857632599069693,2.6153946544185613
2023-12-06,4.5748248006198375,0.9967350950723276,-3.014340435968298,2.6153946544185613
2023-12-07,4.609714189925818,0.9259036551156414,-3.0285489081147707,2.6153946544185613
2023-12-08,4.616180888675801,0.9553679799442001,-2.682640857281819,2.6153946544185613
2023-12-11,4.639875174344746,0.940957077584809,-2.729963707220485,2.6153946544185613
2023-12-12,4.606135103141872,1.0060764942326406,-2.7978971670374344,2.6153946544185613
2023-12-13,4.603891664259754,0.8896603099635241,-3.3549926824554084,2.6153946544185613
2023-12-14,4.441914639577826,0.9885375337993025,-3.3186859505303397,2.6153946544185613
2023-12-15,4.375503020223671,1.1118457392016898,-3.23095145374224,2.6153946544185613
2023-12-18,4.431019625121786,1.045417817031724,-3.219630004801075,2.6153946544185613
2023-12-19,4.417720207383451,1.0345174891826452,-3.187850654836753,2.6153946544185613
2023-12-20,4.3988194088018115,1.023927971172821,-3.384190488540093,2.6153946544185613
2023-12-21,4.443728989226569,0.939821997974375,-3.359522937745193,2.6153946544185613
2023-12-22,4.486595354994867,0.8767291985514598,-3.4343072963569545,2.6153946544185613
2023-12-26,4.460220877873566,0.9070836443561444,-3.364245159350744,2.6153946544185613
2023-12-27,4.403916354844223,1.0035505073646227,-3.685161831002982,2.6153946544185613
2023-12-28,4.416282237221258,0.9952640544771604,-3.549710569528096,2.6153946544185613
2023-12-29,4.461593969258022,0.8534436448427677,-3.42050577677756,2.6153946544185613
2024-01-02,4.482716851563283,0.8530394296152537,-3.2363216978290277,2.6153946544185613
2024-01-03,4.458369113852328,0.899377945077092,-3.3289263878472544,2.6153946544185613
2024-01-04,4.5354178316731115,0.8187473899159585,-3.2120128625465987,2.6153946544185613
2024-01-05,4.611385376978056,0.7103312087678124,-3.1548637100031773,2.6153946544185613
2024-01-08,4.593169489289846,0.7281816908308651,-3.2884086238776984,2.6153946544185613
2024-01-09,4.600721293007666,0.7350298086455165,-3.315249292271407,2.6153946544185613
2024-01-10,4.632300064190087,0.6884578292453779,-3.3081614507982438,2.6153946544185613
2024-01-11,4.665101246366057,0.6133813180578573,-3.584530618931834,2.6153946544185613
2024-01-12,4.71851075870179,0.4211518298149015,-3.711162584359941,2.6153946544185613
2024-01-16,4.817694514466092,0.3530634644711339,-3.5761944997728388,2.6153946544185613
2024-01-17,4.7735178041812,0.4974173682439471,-3.404080051750591,2.6153946544185613
2024-01-18,4.855821556715492,0.40699380449488354,-3.4743293041824717,2.6153946544185613
2024-01-19,4.812055909882951,0.4835819813184322,-3.3327941938234447,2.6153946544185613
2024-01-22,4.788775812012737,0.536953026644875,-3.49947797873873,2.6153946544185613
2024-01-23,4.854922111257806,0.44264732691119946,-3.4972226401299,2.6153946544185613
2024-01-24,4.878676903574217,0.4101227833498692,-3.3910739095571567,2.6153946544185613
2024-01-25,4.8675639062116085,0.3820217201676319,-3.5084005516269445,2.6153946544185613
2024-01-26,4.846901605909435,0.4100326261168733,-3.375955923609323,2.6153946544185613
2024-01-29,4.785620457573675,0.4817037242183062,-3.557516740983464,2.6153946544185613
2024-01-30,4.721631850311132,0.5886529311087038,-3.4214508667254546,2.6153946544185613
2024-01-31,4.703354159513024,0.5833662455272504,-3.6741316626355727,2.6153946544185613
2024-02-01,4.604681234915695,0.687118184600559,-3.887047984191278,2.6153946544185613
2024-02-02,4.644996971057804,0.7175066463817031,-3.4027805401302182,2.6153946544185613
2024-02-05,4.7500993594380265,0.6151273133395018,-3.150513337826457,2.6153946544185613
2024-02-06,4.715655741263484,0.6320247560932513,-3.356611463125651,2.6153946544185613
2024-02-07,4.731514959661571,0.6197147687121848,-3.3322571742631126,2.6153946544185613
2024-02-08,4.769874608120571,0.5555867840386934,-3.1309005892212083,2.6153946544185613
2024-02-09,4.766319718650076,0.5684924045718881,-3.071949199374591,2.6153946544185613
2024-02-12,4.773900967739204,0.571205625621469,-3.140174165031528,2.6153946544185613
2024-02-13,4.803374268651048,0.6358932106192188,-2.7358751029694974,2.6153946544185613
2024-02-14,4.821626764908891,0.5795262924858984,-2.912216881743383,2.6153946544185613
2024-02-15,4.784752419865198,0.6130507494744312,-2.926735005639381,2.6153946544185613
2024-02-16,4.776632495884332,0.6467163736935078,-2.7033899260542404,2.6153946544185613
2024-02-20,4.800250574424073,0.5964866308953998,-2.839851545933202,2.6153946544185613
2024-02-21,4.841367722808831,0.5834312208541601,-2.7933646857377936,2.6153946544185613
2024-02-22,4.785751695583903,0.6705521784163203,-2.6352090459765636,2.6153946544185613
2024-02-23,4.665313656686703,0.7908146226192305,-2.57367653129756,2.6153946544185613
2024-02-26,4.689812517861053,0.8048358338858366,-2.5953542697372254,2.6153946544185613
2024-02-27,4.738171014050266,0.752013178452976,-2.6153432787464963,2.6153946544185613
2024-02-28,4.719036858941734,0.7436079638691899,-2.7075163132857534,2.6153946544185613
2024-02-29,4.681966605235503,0.7828589703292204,-2.6856956614167413,2.6153946544185613
2024-03-01,4.675119798004867,0.7306387331621308,-2.8946383323725007,2.6153946544185613
2024-03-04,4.677824224157355,0.7843811471137094,-2.8183971270322257,2.6153946544185613
2024-03-05,4.601756971806237,0.8579981644696979,-2.9574889098844435,2.6153946544185613
2024-03-06,4.560727329119783,0.9429055815083464,-3.0025891995517062,2.6153946544185613
2024-03-07,4.596651788531303,0.8882309694604976,-3.182526413841376,2.6153946544185613
2024-03-08,4.623534194336117,0.8486455649027697,-3.257512712922086,2.6153946544185613
2024-03-11,4.609741219751768,0.9043031643533629,-3.233004071104037,2.6153946544185613
2024-03-12,4.645326419596824,0.9005804784206304,-3.1004306630867684,2.6153946544185613
2024-03-13,4.667457619641576,0.8759200141819772,-3.029701099423162,2.6153946544185613
2024-03-14,4.744516200340514,0.7870219620575545,-2.8058318032060554,2.6153946544185613
2024-03-15,4.7063893785029,0.8126747888412681,-2.601405222183111,2.6153946544185613
2024-03-18,4.734866905807689,0.7830492198703849,-2.5705488067462294,2.6153946544185613
2024-03-19,4.741310937159652,0.7884952963988766,-2.7731775054462946,2.6153946544185613
2024-03-20,4.792908636656001,0.6943998222847197,-2.9904955862525404,2.6153946544185613
2024-03-21,4.779396376629554,0.7235206153679491,-2.9624855540654305,2.6153946544185613
2024-03-22,4.731851247638922,0.7640892038299286,-3.0643157261667535,2.6153946544185613
2024-03-25,4.760306437279162,0.7360604161021373,-3.009459937234565,2.6153946544185613
2024-03-26,4.732166608751399,0.7849259726093595,-3.0081168288033986,2.6153946544185613
2024-03-27,4.678984111782297,0.8202584343985846,-3.004435955896075,2.6153946544185613
2024-03-28,4.639358790106254,0.9030704859553378,-2.9045750760172875,2.6153946544185613
2024-04-01,4.746655769678316,0.7940624969524126,-2.701920241490615,2.6153946544185613
2024-04-02,4.7865567118078385,0.6888521637859973,-2.6097636708049006,2.6153946544185613
2024-04-03,4.806048504695651,0.6544151182829926,-2.6795012001233482,2.6153946544185613
2024-04-04,4.765322439382674,0.6888098996986587,-2.725245170981341,2.6153946544185613
2024-04-05,4.812952494992091,0.6839224168810544,-2.5935594226390073,2.6153946544185613
2024-04-08,4.7842005610837965,0.7113245080001084,-2.3776795014576595,2.6153946544185613
2024-04-09,4.739372768805152,0.748145640899589,-2.4738023509797475,2.6153946544185613
2024-04-10,4.7887326039327975,0.7896697711908497,-1.9140011260212024,2.6153946544185613
2024-04-11,4.793582055648123,0.7282273303804295,-1.8357898764584262,2.6153946544185613
2024-04-12,4.7981599181912085,0.7186261542051855,-2.07610361358969,2.6153946544185613
2024-04-15,4.908653926948972,0.5747207042520287,-1.8795411043443082,2.6153946544185613
2024-04-16,4.942347317734461,0.5553039396955769,-1.8267059147272957,2.6153946544185613
2024-04-17,4.870411481001531,0.6302336779032934,-1.9292466872715845,2.6153946544185613
2024-04-18,4.905707523257296,0.5993901435488735,-1.81205020437571,2.6153946544185613
2024-04-19,4.884537591420008,0.6202622334486135,-1.8398679299979173,2.6153946544185613
2024-04-22,4.896231295570745,0.6078396084943101,-1.870396565961493,2.6153946544185613
2024-04-23,4.923560628464293,0.5622088075549363,-2.001425143191944,2.6153946544185613
2024-04-24,4.975052883033322,0.5070288661507762,-1.972076120760822,2.6153946544185613
2024-04-25,4.993314107184438,0.5137521211258692,-1.8348413151341239,2.6153946544185613
2024-04-26,4.958923528677945,0.5839432682097688,-1.9104857089705225,2.6153946544185613
2024-04-29,4.934598687457487,0.6163107655406794,-2.015025489364743,2.6153946544185613
2024-04-30,4.947229860288092,0.6304238823974633,-1.8505037758701746,2.6153946544185613
2024-05-01,4.923209883455801,0.6314055796721966,-2.039683679563051,2.6153946544185613
2024-05-02,4.962003868361315,0.5862402411278045,-2.3406959029271266,2.6153946544185613
2024-05-03,4.934613300632961,0.5862378654109627,-2.55121124708286,2.6153946544185613
2024-05-06,4.882404328153459,0.6511106192735515,-2.4624728184784295,2.6153946544185613
2024-05-07,4.839906624417789,0.7086537641665991,-2.4550095666930565,2.6153946544185613
2024-05-08,4.87339319583263,0.6602833720700569,-2.4056637437119512,2.6153946544185613
2024-05-09,4.864122626015095,0.6774931256354608,-2.5267388797961874,2.6153946544185613
2024-05-10,4.879282645809942,0.6723860321651205,-2.3949920726068403,2.6153946544185613
2024-05-13,4.863384510349599,0.6949402349732285,-2.4242865828136875,2.6153946544185613
2024-05-14,4.857097487105473,0.7008594118344023,-2.561173105573113,2.6153946544185613
2024-05-15,4.8015156387691995,0.7407316402133611,-2.7881397833016677,2.6153946544185613
2024-05-16,4.789034983505112,0.7850567078256563,-2.6631271821475164,2.6153946544185613
2024-05-17,4.800120412397499,0.7574317939635689,-2.5254226834729603,2.6153946544185613
2024-05-20,4.810832297612784,0.752461427445281,-2.4913561365799883,2.6153946544185613
2024-05-21,4.787408705310302,0.7851324101259564,-2.542251628953481,2.6153946544185613
2024-05-22,4.746351899042745,0.8474077766107104,-2.390944900894497,2.6153946544185613
2024-05-23,4.793862266489951,0.8265554597412028,-2.322202222922914,2.6153946544185613
2024-05-24,4.785099697718246,0.8630950927857928,-2.3425086932260633,2.6153946544185613
2024-05-28,4.83139373171702,0.7745774233091878,-2.182866093744542,2.6153946544185613
2024-05-29,4.962205641397884,0.6395767626957843,-2.2085158164033225,2.6153946544185613
2024-05-30,4.92033424994376,0.6744244808984758,-2.325282630273454,2.6153946544185613
2024-05-31,4.899797823875725,0.7012826583781326,-2.4736435843378106,2.6153946544185613
2024-06-03,4.774523863142724,0.8085639985559234,-2.5366546185208545,2.6153946544185613
2024-06-04,4.713266289513351,0.8680799882323674,-2.6659547654223035,2.6153946544185613
2024-06-05,4.699502141195153,0.8728675579216801,-2.774202583527418,2.6153946544185613
2024-06-06,4.685341071222039,0.880565362429949,-2.7934110054734247,2.6153946544185613
2024-06-07,4.746429778636639,0.8626453352669395,-2.415608041565926,2.6153946544185613
2024-06-10,4.8465575576141084,0.7677901655590545,-2.5304660215486674,2.6153946544185613
2024-06-11,4.764337385579198,0.839396097149143,-2.6011493123406866,2.6153946544185613
2024-06-12,4.741716128828612,0.8646354483577718,-2.8622062719406682,2.6153946544185613
2024-06-13,4.687814859041234,0.8936300208820129,-2.9883120076587413,2.6153946544185613
2024-06-14,4.619813114911252,0.9585490308194413,-2.8882912626173995,2.6153946544185613
2024-06-17,4.653240461309132,0.9445851352430154,-2.7460644440761315,2.6153946544185613
2024-06-18,4.639929493463431,0.956701219987383,-2.9391116587474104,2.6153946544185613
2024-06-20,4.67188086314182,0.9271079646116507,-2.9124409562568663,2.6153946544185613
2024-06-21,4.671020206103743,0.9198475811233446,-2.890577055096171,2.6153946544185613
2024-06-24,4.643356876155104,0.9411088027472263,-2.8185094362263925,2.6153946544185613
2024-06-25,4.630199773009953,0.9618752761474431,-2.8504908142645853,2.6153946544185613
2024-06-26,4.706639286908333,0.8928808237836224,-2.7244918682764445,2.6153946544185613
2024-06-27,4.702320019970042,0.8945509668103135,-2.83203310762675,2.6153946544185613
2024-06-28,4.808565121689411,0.7728387414364158,-2.870749948551867,2.6153946544185613
2024-07-01,4.946448441477069,0.5894663513826703,-2.6938567902848436,2.6153946544185613
2024-07-02,4.91260976036709,0.6241327990470217,-2.806399030486741,2.6153946544185613
2024-07-03,4.84703453610131,0.7112853709736975,-2.936182019152927,2.6153946544185613
2024-07-05,4.827475438521859,0.6777392660207828,-3.167928329331374,2.6153946544185613
2024-07-08,4.805019636827783,0.7115174457066471,-3.129758869913351,2.6153946544185613
2024-07-09,4.8480730006558534,0.6684457624447815,-3.1529906843313364,2.6153946544185613
2024-07-10,4.824041690584147,0.6966753281681587,-3.1468514081089363,2.6153946544185613
2024-07-11,4.792725342115262,0.6402452615016042,-3.326666226929615,2.6153946544185613
2024-07-12,4.797587505565424,0.5848298643134753,-3.3546109090925667,2.6153946544185613
2024-07-15,4.875979906174915,0.4683492932494352,-3.347156080879376,2.6153946544185613
2024-07-16,4.7790596419561435,0.5688430642530635,-3.3279453762209057,2.6153946544185613
2024-07-17,4.776508605146617,0.5894478648482445,-3.4006432129093933,2.6153946544185613
2024-07-18,4.820942828292127,0.549291072072287,-3.334467963880828,2.6153946544185613
2024-07-19,4.8401615085731935,0.5090927997702946,-3.1799560522735706,2.6153946544185613
2024-07-22,4.870513097650755,0.4904387699339289,-3.2140349979128304,2.6153946544185613
2024-07-23,4.887732683038231,0.44709060620188323,-3.2942487405537904,2.6153946544185613
2024-07-24,4.984042303809761,0.3133808262198695,-3.401937615335366,2.6153946544185613
2024-07-25,4.925285372947859,0.3958952543785751,-3.3172242873802533,2.6153946544185613
2024-07-26,4.892934796948042,0.4186232544079901,-3.499396594192682,2.6153946544185613
2024-07-29,4.860134256430783,0.4556031578710883,-3.505837335486598,2.6153946544185613
2024-07-30,4.845578775868153,0.4531877818127501,-3.5357982092464657,2.6153946544185613
2024-07-31,4.82115909441519,0.4803048019038745,-3.743219875220743,2.6153946544185613
2024-08-01,4.768161478877262,0.4207244139986581,-3.891847743578535,2.6153946544185613
2024-08-02,4.672745357046606,0.23211598519701626,-4.073348568526232,2.6153946544185613
2024-08-05,4.619463423052032,0.29917382663649694,-3.984629349493429,2.6153946544185613
2024-08-06,4.735371889110686,0.2578211424544825,-3.931314685948482,2.6153946544185613
2024-08-07,4.8141193892246275,0.13395758419348902,-3.8023029360215275,2.6153946544185613
2024-08-08,4.843052890140575,0.1327135289222483,-3.76881914189819,2.6153946544185613
2024-08-09,4.748222314029822,0.26892622603986926,-3.7334066379308464,2.6153946544185613
2024-08-12,4.733535498951033,0.26273894183057034,-3.8423850822376133,2.6153946544185613
2024-08-13,4.748880565064341,0.23005232923321706,-4.115291454514399,2.6153946544185613
2024-08-14,4.691531068689235,0.2979167290888043,-4.054101882528768,2.6153946544185613
2024-08-15,4.665535037129823,0.3890158770829867,-3.652688606908002,2.6153946544185613
2024-08-16,4.678468679642711,0.35127373064149636,-3.7538413246088242,2.6153946544185613
2024-08-19,4.626242118368494,0.41006554366475745,-3.719957544292037,2.6153946544185613
2024-08-20,4.596339119781885,0.3777278131467643,-3.751728662622606,2.6153946544185613
2024-08-21,4.60555219596044,0.30798607768583364,-3.8463710211734017,2.6153946544185613
2024-08-22,4.664560146828564,0.3050993375081168,-3.7843785050752006,2.6153946544185613
2024-08-23,4.653575005061082,0.2300705798488949,-3.8735662377094893,2.6153946544185613
2024-08-26,4.654942538056216,0.24302634515838029,-3.8563549360795224,2.6153946544185613
2024-08-27,4.688710572053749,0.15492286335005767,-3.8328550829999397,2.6153946544185613
2024-08-28,4.696912316953322,0.14683113010398152,-3.835738526848563,2.6153946544185613
2024-08-29,4.7127588988881985,0.14269413698528344,-3.786222250386799,2.6153946544185613
2024-08-30,4.748361136027593,0.08528349426720094,-3.6929749412069146,2.6153946544185613
2024-09-03,4.677427904908889,0.15421257170430036,-3.786543751060851,2.6153946544185613
2024-09-04,4.621062989945037,0.0839675234621573,-3.795211900398991,2.6153946544185613
2024-09-05,4.578183888356816,0.12205539288523748,-3.785858534482291,2.6153946544185613
2024-09-06,4.604389774523738,-0.007340744216905781,-3.8221247125712416,2.6153946544185613
2024-09-09,4.572128217559478,0.04122067097331916,-3.831391307382585,2.6153946544185613
2024-09-10,4.549987465271505,0.003279512078913527,-3.91243315749519,2.6153946544185613
2024-09-11,4.544004253814087,0.07975527157765638,-3.9648770695377364,2.6153946544185613
2024-09-12,4.578362393230339,0.0072327464791070994,-3.878038586773279,2.6153946544185613
2024-09-13,4.569289506737197,-0.09527806608638367,-3.82954920304389,2.6153946544185613
2024-09-16,4.4992263461736535,-0.07462943860243776,-3.6796926976483326,2.6153946544185613
2024-09-17,4.5099751397068335,-0.06445611475626256,-3.642686881989965,2.6153946544185613
2024-09-18,4.586833808362204,-0.1946422036243547,-3.5565842217521153,2.6153946544185613
2024-09-19,4.6233587631993505,-0.2787993302511045,-3.504615252018788,2.6153946544185613
2024-09-20,4.634673187253251,-0.32796631728385517,-3.510637222054144,2.6153946544185613
2024-09-23,4.644918332405537,-0.3638563855375814,-3.4156315728095024,2.6153946544185613
2024-09-24,4.667115776236204,-0.43318901348408345,-3.482360404900977,2.6153946544185613
2024-09-25,4.711055241124434,-0.4729355850938619,-3.401717789693846,2.6153946544185613
2024-09-26,4.67490601189842,-0.3653969752971977,-3.3367549219737542,2.6153946544185613
2024-09-27,4.668497067809341,-0.40392372867066006,-3.4462570382048563,2.6153946544185613
2024-09-30,4.684171916482252,-0.336857609693221,-3.340611948094034,2.6153946544185613
2024-10-01,4.639262988592765,-0.2879090565842195,-3.4836600170867116,2.6153946544185613
2024-10-02,4.708788867065399,-0.3595243184804011,-3.492290907708423,2.6153946544185613
2024-10-03,4.7354843028717815,-0.3572372851261245,-3.339016404279835,2.6153946544185613
2024-10-04,4.751102726864849,-0.19501621097668664,-3.0133360849977873,2.6153946544185613
2024-10-07,4.764367149951342,-0.16061504342376143,-2.896886403132687,2.6153946544185613
2024-10-08,4.802206680468528,-0.22551758544917822,-2.9549945866276337,2.6153946544185613
2024-10-09,4.7861976794027985,-0.2065842360046879,-2.784193146491241,2.6153946544185613
2024-10-10,4.86265065446756,-0.3015954431657235,-2.8996269775508914,2.6153946544185613
2024-10-11,4.865397229142589,-0.3682742279567579,-2.8729585103806645,2.6153946544185613
2024-10-15,4.7908413353091746,-0.23483162132164637,-2.9365924093968885,2.6153946544185613
2024-10-16,4.777827258626488,-0.2565543330005462,-2.898719307318702,2.6153946544185613
2024-10-17,4.8567718720670605,-0.33039712960437284,-2.8365598831486802,2.6153946544185613
2024-10-18,4.861637891778047,-0.352987327800812,-2.8880669209321526,2.6153946544185613
2024-10-21,4.955194074771475,-0.4240237804335485,-2.756024876456444,2.6153946544185613
2024-10-22,4.939886166305021,-0.4340191337559558,-2.5982143227114456,2.6153946544185613
2024-10-23,4.942578521270212,-0.425940387140177,-2.451248887023048,2.6153946544185613
2024-10-24,4.891099400887914,-0.3922782423239113,-2.405911001203643,2.6153946544185613
2024-10-25,4.936631548491261,-0.41459832892962445,-2.3931020268402086,2.6153946544185613
2024-10-28,4.9344123890719995,-0.4164348627953318,-2.250837267506885,2.6153946544185613
2024-10-29,4.934466996947641,-0.43895793440747966,-2.2254268840033182,2.6153946544185613
2024-10-30,4.860861938558225,-0.3660187608057788,-1.9695257106745752,2.6153946544185613
2024-10-31,4.816510587602676,-0.34712209965723995,-1.8377244215580009,2.6153946544185613
2024-11-01,4.918155090053922,-0.4631798631845063,-1.7433665019947249,2.6153946544185613
2024-11-04,4.837249763466904,-0.3984611099369666,-1.7362372086451663,2.6153946544185613
2024-11-05,4.759898175136055,-0.2930837604719434,-1.6610365246774994,2.6153946544185613
2024-11-06,4.942085174724847,-0.47101269744817453,-1.602263584727308,2.6153946544185613
2024-11-07,4.895114194705081,-0.38232342212019765,-1.928434480601403,2.6153946544185613
2024-11-08,4.761190269825901,-0.238419727588272,-1.617978180292503,2.6153946544185613
2024-11-12,4.844348755407497,-0.32684230326833186,-1.3437472033162892,2.6153946544185613
2024-11-13,4.965498678807302,-0.5140510001485215,-1.5524644476205143,2.6153946544185613
2024-11-14,4.855664337945811,-0.32613011931381897,-1.408030078989123,2.6153946544185613
2024-11-15,4.928342784308541,-0.4134370386829198,-1.5946463345292743,2.6153946544185613
2024-11-18,4.958579463591475,-0.44115650742970525,-1.7260196103174221,2.6153946544185613
2024-11-19,4.9085611808308,-0.37617827602102305,-1.7446124701382304,2.6153946544185613
2024-11-20,4.8853582252209025,-0.3510446162678682,-1.605105442116181,2.6153946544185613
2024-11-21,4.905778908369642,-0.3383051182084069,-1.611086716116547,2.6153946544185613
2024-11-22,4.885655728621249,-0.28647998385738616,-1.6225507643380845,2.6153946544185613
2024-11-25,4.736818509787577,-0.13072247975647489,-1.79144675550271,2.6153946544185613
2024-11-26,4.781447388435884,-0.1768553729540201,-1.79717288640375,2.6153946544185613
2024-11-27,4.7404301326742635,-0.1499587282499404,-1.8819448587993337,2.6153946544185613
2024-11-29,4.707180493374692,-0.1020210261077843,-2.0806936777317975,2.6153946544185613
2024-12-02,4.657911336513189,-0.0972341797967522,-1.8489935187440767,2.6153946544185613
2024-12-03,4.695504911769202,-0.19191449242999914,-1.7311116211139195,2.6153946544185613
2024-12-04,4.669713316139842,-0.2003026291901293,-1.780858354525522,2.6153946544185613
2024-12-05,4.598058979031527,-0.13782622776878295,-1.6298954999698476,2.6153946544185613
2024-12-06,4.633304008615648,-0.19917138125873157,-1.777442149053063,2.6153946544185613
2024-12-09,4.677482254565589,-0.2595866375686191,-1.7117249799372611,2.6153946544185613
2024-12-10,4.694645249622319,-0.2848538430547598,-1.6586546037064218,2.6153946544185613
2024-12-11,4.780292635458424,-0.3777240285052832,-1.6834235985485815,2.6153946544185613
2024-12-12,4.863340199208215,-0.47094979724650554,-1.6652764765372865,2.6153946544185613
2024-12-13,4.9205913522476585,-0.5402362152025981,-1.498529654173368,2.6153946544185613
2024-12-16,4.896176958486415,-0.5133438682227802,-1.4737659478411262,2.6153946544185613
2024-12-17,4.869729659480219,-0.5108142605584318,-1.3522242242793867,2.6153946544185613
2024-12-18,4.895131505976173,-0.5731290818999053,-0.8900591870793274,2.6153946544185613
2024-12-19,5.007944478655222,-0.7354215283784333,-0.915107868879183,2.6153946544185613
2024-12-20,5.00337923689375,-0.6730743398171775,-1.1847927539646634,2.6153946544185613
2024-12-23,5.053426947386275,-0.7382390809706243,-1.0238929127991863,2.6153946544185613
2024-12-24,5.032038606770461,-0.739330062934358,-0.9250659679170792,2.6153946544185613
2024-12-26,5.03283124502959,-0.7366618762822148,-1.0004691716720986,2.6153946544185613
2024-12-27,5.0982825679694415,-0.841340686652571,-0.9703190617626973,2.6153946544185613
2024-12-30,5.077529831833653,-0.8331905023271802,-1.2006410234547966,2.6153946544185613
2024-12-31,5.085198218448033,-0.8622880367639414,-1.1279807169190752,2.6153946544185613
2025-01-02,5.099092752573434,-0.871421737619299,-1.2008174050414826,2.6153946544185613
2025-01-03,5.116149409764288,-0.8870035491360504,-1.107332189483193,2.6153946544185613
2025-01-06,5.145682347657814,-0.9282752138268746,-1.1097615472988376,2.6153946544185613
2025-01-07,5.216374811694723,-1.007255408679295,-1.082202270439603,2.6153946544185613
2025-01-08,5.236734032009911,-1.0255535634175195,-1.1637012893641099,2.6153946544185613
2025-01-09,5.2498333448895895,-1.0747312155671094,-1.0974808671647076,2.6153946544185613
2025-01-10,5.2214611127804895,-1.0289979604401027,-0.6323294405424763,2.6153946544185613
2025-01-13,5.215651210060288,-1.0198417258023826,-0.5641961636263603,2.6153946544185613
2025-01-14,5.240813706458754,-1.063708808583423,-0.6449671110290783,2.6153946544185613
2025-01-15,5.165890045376741,-0.9771635252707354,-0.9937242083508534,2.6153946544185613
2025-01-16,5.177608652782603,-0.9461023978938323,-1.2762590757014225,2.6153946544185613
2025-01-17,5.13682720018895,-0.891861846528629,-1.137716812879361,2.6153946544185613
2025-01-21,5.083621005374427,-0.812042704997114,-1.1625150873074077,2.6153946544185613
2025-01-22,5.095571641759903,-0.8264622870280558,-1.0951726334045895,2.6153946544185613
2025-01-23,5.159486825761266,-0.9336464305945704,-1.0679495500948657,2.6153946544185613
2025-01-24,5.139033051222087,-0.9158673654656604,-1.0813564703249137,2.6153946544185613
2025-01-27,5.122731363378323,-0.86392483326193,-1.477351386519821,2.6153946544185613
2025-01-28,5.143885015316954,-0.9016097636561589,-1.4563107541047564,2.6153946544185613
2025-01-29,5.142982644683624,-0.8573873033278789,-1.4674385275165462,2.6153946544185613
2025-01-30,5.1172534631502655,-0.8446685019854325,-1.5369480528567687,2.6153946544185613
2025-01-31,5.192173075988988,-0.918149413046516,-1.4970441984435512,2.6153946544185613
2025-02-03,5.056874160908427,-0.754603149700591,-1.3107491336674726,2.6153946544185613
2025-02-04,5.100083984629928,-0.8000533845330404,-1.5262301424663482,2.6153946544185613
2025-02-05,4.970344731937267,-0.653866893239962,-1.5607551214696804,2.6153946544185613
2025-02-06,4.963607697140535,-0.6417656516722263,-1.4592957672225249,2.6153946544185613
2025-02-07,4.959450728198117,-0.5966817613786135,-1.2887230573222106,2.6153946544185613
2025-02-10,4.989376708243215,-0.6290546453022201,-1.3463383048033848,2.6153946544185613
2025-02-11,5.026497809392242,-0.6746766053388575,-1.3065219813624789,2.6153946544185613
2025-02-12,5.093068917431047,-0.7496046945897237,-1.0542622176790608,2.6153946544185613
2025-02-13,4.992119477891097,-0.6281472691115189,-1.2111983381142095,2.6153946544185613
2025-02-14,4.978749235524284,-0.630890368172333,-1.3531745615798607,2.6153946544185613
2025-02-18,5.050991752783018,-0.7108260607141688,-1.2468182028766541,2.6153946544185613
2025-02-19,5.0517760270934025,-0.7187588699960825,-1.3351984695207026,2.6153946544185613
2025-02-20,5.0396066285973,-0.6975415324063194,-1.4118341680823188,2.6153946544185613
2025-02-21,5.012987415230191,-0.6904156125173482,-1.6311530517960007,2.6153946544185613
2025-02-24,5.016856947863415,-0.6955807457454319,-1.7192843662356723,2.6153946544185613
2025-02-25,4.921919957670734,-0.6005966766982307,-1.8802039974827995,2.6153946544185613
2025-02-26,4.886450231769851,-0.5398679849204262,-2.0209722521049405,2.6153946544185613
2025-02-27,4.954453622741875,-0.6135252938068549,-2.061785125591266,2.6153946544185613
2025-02-28,4.932708134730443,-0.6451064194297345,-2.1452686453581697,2.6153946544185613
2025-03-03,4.879167095001402,-0.5828349232387744,-2.279397736231597,2.6153946544185613
2025-03-04,4.981637618651501,-0.7162185952243858,-2.302461700861534,2.6153946544185613
2025-03-05,5.004369562588284,-0.7567818231092021,-2.08996063397812,2.6153946544185613
2025-03-06,5.032816588352091,-0.837288991888141,-2.081202878072186,2.6153946544185613
2025-03-07,5.06697454990777,-0.8426379502186343,-2.1068915200965113,2.6153946544185613
2025-03-10,5.024491998307365,-0.8251277270543467,-2.3612151817164237,2.6153946544185613
2025-03-11,5.0668915650945365,-0.8615922586748297,-2.2748938380806116,2.6153946544185613
2025-03-12,5.0908175627087555,-0.844716564690738,-2.2098551994432056,2.6153946544185613
2025-03-13,5.068850582330246,-0.8392607003459363,-2.3349203780539183,2.6153946544185613
2025-03-14,5.061142113077593,-0.7989646740721734,-2.1579248895141525,2.6153946544185613
2025-03-17,5.015444998841384,-0.7205765510062654,-2.0736007195376938,2.6153946544185613
2025-03-18,5.003975558664677,-0.6920599907423763,-2.1790904191541145,2.6153946544185613
2025-03-19,5.007379230011496,-0.7172350746403073,-2.30872943221203,2.6153946544185613
2025-03-20,5.010252173984459,-0.7446134763293524,-2.3588305375160323,2.6153946544185613
2025-03-21,5.069872757482097,-0.8191884421724507,-2.459569506187824,2.6153946544185613
2025-03-24,5.115500183761779,-0.8272337231404172,-2.286356602235811,2.6153946544185613
2025-03-25,5.12703818242531,-0.8371193288548344,-2.4205868652078872,2.6153946544185613
2025-03-26,5.168221758469747,-0.8753772977389271,-2.4067695952225976,2.6153946544185613
2025-03-27,5.223702093146436,-0.9468226014946555,-2.4558038994105367,2.6153946544185613
2025-03-28,5.151421471805714,-0.8918723417631509,-2.677918488223599,2.6153946544185613
2025-03-31,5.094927977707231,-0.8451404765760571,-2.642684261497969,2.6153946544185613
2025-04-01,5.022539946175763,-0.7710052381268122,-2.6736126509697717,2.6153946544185613
2025-04-02,5.034969531289535,-0.7515341599716641,-2.613786276328208,2.6153946544185613
2025-04-03,5.095470059639121,-0.831357534299713,-3.3747336594276076,2.6153946544185613
2025-04-04,4.992364176278542,-0.7777008539319952,-3.2061686625053754,2.6153946544185613
2025-04-07,5.19977469363561,-1.0153776004672754,-3.1937957134331296,2.6153946544185613
2025-04-08,5.370850374623975,-1.281842931998714,-3.127632373293407,2.6153946544185613
2025-04-09,5.271067995062001,-1.036658692285208,-2.591667289408504,2.6153946544185613
2025-04-10,5.512714216178901,-1.3432821327250575,-2.9919824607448735,2.6153946544185613
2025-04-11,5.396994493043938,-1.2348105926463582,-2.351816189441343,2.6153946544185613
2025-04-14,5.4107079243797305,-1.2461496354113297,-2.8480253879078883,2.6153946544185613
2025-04-15,5.4105508655871635,-1.209005872278841,-3.014891224756076,2.6153946544185613
2025-04-16,5.408595270768817,-1.2085352573013712,-3.28679570018526,2.6153946544185613
2025-04-17,5.470454503300652,-1.251481448622867,-3.270644483818068,2.6153946544185613
2025-04-21,5.623542299639588,-1.5305435602851913,-3.2767305047391857,2.6153946544185613
2025-04-22,5.563671391678698,-1.4002956243488516,-3.2243518837327936,2.6153946544185613
2025-04-23,5.456979307726464,-1.2443430683445786,-3.011952609640331,2.6153946544185613
2025-04-24,5.405848764241825,-1.2145047152053294,-3.16347751384056,2.6153946544185613
2025-04-25,5.386392703034418,-1.1827670751475785,-3.2963026485262787,2.6153946544185613
2025-04-28,5.363915721388093,-1.2023467736979905,-3.428754508733428,2.6153946544185613
2025-04-29,5.310769759039021,-1.160684841416594,-3.4604758504046074,2.6153946544185613
2025-04-30,5.381888999541904,-1.2568993543729334,-3.705468199449069,2.6153946544185613
2025-05-01,5.435220236779276,-1.24516143618883,-3.58916954115883,2.6153946544185613
2025-05-02,5.439749557435045,-1.1836541489663097,-3.33662645933768,2.6153946544185613
2025-05-05,5.489505482807023,-1.231283121357444,-3.3651691225053084,2.6153946544185613
2025-05-06,5.497853861073327,-1.2685032275321007,-3.4817062030206722,2.6153946544185613
2025-05-07,5.455308799728067,-1.1802239180434215,-3.585873738386839,2.6153946544185613
2025-05-08,5.472127560797366,-1.1955415055209517,-3.175547977105212,2.6153946544185613
2025-05-09,5.483727685577837,-1.2159222872010802,-3.203428348656323,2.6153946544185613
2025-05-12,5.490541536085951,-1.1761059831688359,-2.9486295518910364,2.6153946544185613
2025-05-13,5.5375563748866785,-1.216712162260035,-2.9267458714674652,2.6153946544185613
2025-05-14,5.556293142606341,-1.2305956405444753,-2.825070621438467,2.6153946544185613
2025-05-15,5.534591683653408,-1.2191266107036536,-3.1105920361664086,2.6153946544185613
2025-05-16,5.502204467758234,-1.153527783878617,-3.1157842408427916,2.6153946544185613
2025-05-19,5.546623679850661,-1.2255152460033858,-3.1309320201916426,2.6153946544185613
2025-05-20,5.61218928368729,-1.2844159335648775,-3.24447702504066,2.6153946544185613
2025-05-21,5.741608082059159,-1.4372636331991715,-3.1767889149581294,2.6153946544185613
2025-05-22,5.723906354263608,-1.3739561248077239,-3.3288063708839957,2.6153946544185613
2025-05-23,5.723719363886788,-1.3079069430616395,-3.514186501930048,2.6153946544185613
2025-05-27,5.607224300745928,-1.2010900209288615,-3.487430649727905,2.6153946544185613
2025-05-28,5.629758579679537,-1.2112594557435719,-3.418425417279015,2.6153946544185613
2025-05-29,5.598321609178641,-1.185103554569051,-3.5467669336998533,2.6153946544185613
2025-05-30,5.627612320847904,-1.2145991503432962,-3.7112029292908213,2.6153946544185613
2025-06-02,5.696449390404652,-1.2879662305653299,-3.691293614857401,2.6153946544185613
2025-06-03,5.676549059917187,-1.262171584813811,-3.6087527948009352,2.6153946544185613
2025-06-04,5.592994671116005,-1.200431689085974,-3.767676142390524,2.6153946544185613
2025-06-05,5.53752511247264,-1.1657154665571667,-3.4326914225665117,2.6153946544185613
2025-06-06,5.579125977016485,-1.2060958518730978,-3.066677775280321,2.6153946544185613
2025-06-09,5.589913737710818,-1.2068272582299167,-3.22301705312331,2.6153946544185613
2025-06-10,5.559307794828747,-1.1705899463001668,-3.2139644718207583,2.6153946544185613
2025-06-11,5.575292451490537,-1.1902541707143737,-3.478959848471001,2.6153946544185613
2025-06-12,5.4940823165536,-1.1246642008654102,-3.479181882459441,2.6153946544185613
2025-06-13,5.566907172425773,-1.187403765979576,-3.4465157567038034,2.6153946544185613
2025-06-16,5.631670649437713,-1.2322602442665676,-3.508176423818966,2.6153946544185613
2025-06-17,5.547847106179889,-1.124499624813068,-3.5770857619503866,2.6153946544185613
2025-06-18,5.550936642258959,-1.134588886394586,-3.5859232957614005,2.6153946544185613
2025-06-20,5.578014466773022,-1.1936121350440576,-3.6521615890076493,2.6153946544185613
2025-06-23,5.585719857008066,-1.2260251848382637,-3.8343673869773576,2.6153946544185613
2025-06-24,5.555912069352177,-1.2033103230176896,-3.9174566057029976,2.6153946544185613
2025-06-25,5.563803583573879,-1.2203159662625134,-3.959679981797262,2.6153946544185613
2025-06-26,5.5671727067133014,-1.2549148976184146,-4.073007338703667,2.6153946544185613
2025-06-27,5.594392121171912,-1.2730672453950462,-4.017074926847973,2.6153946544185613
2025-06-30,5.517356745804481,-1.1974451100273797,-4.032656994687281,2.6153946544185613
2025-07-01,5.472032090170979,-1.136966812337048,-3.804456548098312,2.6153946544185613
2025-07-02,5.524114718497509,-1.214832113705409,-3.7527870823476692,2.6153946544185613
2025-07-03,5.545882426245557,-1.1193782923213278,-3.745046208355056,2.6153946544185613
2025-07-07,5.621959198265036,-1.229817524704032,-3.741897538541879,2.6153946544185613
2025-07-08,5.636200260606518,-1.2449613986983477,-3.69038955659343,2.6153946544185613
2025-07-09,5.5694173625750105,-1.1844170506830989,-3.801256725609052,2.6153946544185613
2025-07-10,5.543582689603807,-1.171462689434712,-3.682883901251542,2.6153946544185613
2025-07-11,5.66015801292634,-1.2980462932915708,-3.6781823141589247,2.6153946544185613
2025-07-14,5.675603916139673,-1.3148257926001294,-3.7291732788472847,2.6153946544185613
2025-07-15,5.701590729849036,-1.3372245903966733,-3.543719104770662,2.6153946544185613
2025-07-16,5.7417373997255545,-1.3905815067889806,-3.8040900783852956,2.6153946544185613
2025-07-17,5.725711813765594,-1.3524094270507083,-3.738772705735031,2.6153946544185613
2025-07-18,5.735494258183391,-1.371333544394727,-3.8998864740088073,2.6153946544185613
2025-07-21,5.673550402597705,-1.2895640243139788,-3.986350901204402,2.6153946544185613
2025-07-22,5.637927183481322,-1.2594319544587216,-4.018711106370085,2.6153946544185613
2025-07-23,5.664762276628892,-1.2696178815102246,-3.8987274843822255,2.6153946544185613
2025-07-24,5.65153164177722,-1.2473161593678364,-3.7678028565284967,2.6153946544185613
2025-07-25,5.614234569397795,-1.2075464740992006,-3.7860693244907835,2.6153946544185613
2025-07-28,5.659245966656126,-1.2556898501220317,-3.793448784879571,2.6153946544185613
2025-07-29,5.55174668359209,-1.138871941426026,-3.851607379903875,2.6153946544185613
2025-07-30,5.563425874637041,-1.0910571659494614,-3.7640322101448764,2.6153946544185613
2025-07-31,5.555242854881106,-1.071058693879086,-3.785052970452238,2.6153946544185613
2025-08-01,5.547071406315302,-1.2755241839767377,-4.096407218917659,2.6153946544185613
2025-08-04,5.544465727284374,-1.2802046120924255,-4.151908371305985,2.6153946544185613
2025-08-05,5.492778782640318,-1.218803491817384,-3.998778317929735,2.6153946544185613
2025-08-06,5.55102221734849,-1.2954657585717255,-4.085831095164893,2.6153946544185613
2025-08-07,5.543481899212914,-1.2678410651682381,-4.014732036212977,2.6153946544185613
2025-08-08,5.57588087959794,-1.3132833395733532,-3.918768645164164,2.6153946544185613
2025-08-11,5.560235108839067,-1.2964281409221412,-3.908705635911227,2.6153946544185613
2025-08-12,5.624075789558117,-1.4029564451263647,-3.970292936154301,2.6153946544185613
2025-08-13,5.5716921193636795,-1.3827424272598052,-4.013514001384385,2.6153946544185613
2025-08-14,5.615875452738019,-1.3913884348348904,-3.9716650370941116,2.6153946544185613
2025-08-15,5.668727971474588,-1.4333778943252269,-3.979375867551822,2.6153946544185613
2025-08-18,5.681767511927127,-1.4461240696838487,-3.974319023127171,2.6153946544185613
2025-08-19,5.639173503131847,-1.4095260433568337,-3.984900894929426,2.6153946544185613
2025-08-20,5.63763246131216,-1.402738838157434,-4.050665934759077,2.6153946544185613
2025-08-21,5.654740751065924,-1.3919447845137674,-3.9550421228060118,2.6153946544185613
2025-08-22,5.653572907906861,-1.4386761143016966,-4.212022073312095,2.6153946544185613
2025-08-25,5.64545595748903,-1.419638169980309,-4.094862216461976,2.6153946544185613
2025-08-26,5.702471837120567,-1.4883355864403365,-4.347602051922027,2.6153946544185613
2025-08-27,5.741216160459919,-1.5133727986824685,-4.537907108494173,2.6153946544185613
2025-08-28,5.682961687119866,-1.4335924077366862,-4.498049820916284,2.6153946544185613
2025-08-29,5.752275272220514,-1.5261752538750653,-4.614939216029045,2.6153946544185613
2025-09-02,5.805819501834067,-1.573267260848175,-4.551754304298326,2.6153946544185613
2025-09-03,5.709915157377037,-1.5164939883335609,-4.483706944300502,2.6153946544185613
2025-09-04,5.679018797603783,-1.4837973754937295,-4.582828847644185,2.6153946544185613
2025-09-05,5.56776938105367,-1.4866772549256129,-4.416679651047649,2.6153946544185613
2025-09-08,5.4455959885542615,-1.3951678473216247,-4.2089902566526245,2.6153946544185613
2025-09-09,5.460794099911663,-1.3781314109028715,-4.181409927470383,2.6153946544185613
2025-09-10,5.420330734535938,-1.3380968731206782,-4.164031286833333,2.6153946544185613
2025-09-11,5.360561783016731,-1.300660947002989,-4.053834520689701,2.6153946544185613
2025-09-12,5.3828243953607435,-1.3359113586419742,-3.916453349346997,2.6153946544185613
2025-09-15,5.377014141415708,-1.32636325222263,-3.996004068349262,2.6153946544185613
2025-09-16,5.364926591193575,-1.3504886478964098,-3.964409897951486,2.6153946544185613
2025-09-17,5.361322610866045,-1.3551863637419777,-3.8430920578112793,2.6153946544185613
2025-09-18,5.428555974241111,-1.42807282742341,-3.8015976194236183,2.6153946544185613
2025-09-19,5.453766588818685,-1.467630452379042,-3.7605072439238603,2.6153946544185613
2025-09-22,5.461903415159357,-1.4636641798198773,-3.7346691508711616,2.6153946544185613
2025-09-23,5.425742892533394,-1.4242129259211769,-3.759980142138482,2.6153946544185613
2025-09-24,5.442281540638554,-1.4378250388529414,-3.6635154495780067,2.6153946544185613
2025-09-25,5.396396410565959,-1.3631341951668379,-3.468317195699651,2.6153946544185613
2025-09-26,5.416863203010264,-1.4212603114855415,-3.4083893284926092,2.6153946544185613
2025-09-29,5.346848149741111,-1.3505297431669812,-3.392733200707981,2.6153946544185613
2025-09-30,5.393266658208291,-1.4227357026112877,-3.464703895942794,2.6153946544185613
2025-10-01,5.409078338505463,-1.4732412860333235,-3.621480543224439,2.6153946544185613
2025-10-02,5.376623972530126,-1.4356892272851556,-3.6111113041813616,2.6153946544185613
2025-10-03,5.379578724409495,-1.447688202663917,-3.4633180321373334,2.6153946544185613
2025-10-06,5.430490321411893,-1.5050588891984624,-3.4198521440085807,2.6153946544185613
2025-10-07,5.398625443283675,-1.4690376603167712,-3.5006487071567376,2.6153946544185613
2025-10-08,5.383872856979615,-1.44613973177744,-3.44495495081107,2.6153946544185613
2025-10-09,5.381772726880039,-1.4499057503248496,-3.3931803504049034,2.6153946544185613
2025-10-10,5.287164042591251,-1.390730642615575,-3.464817642386839,2.6153946544185613
2025-10-14,5.302255539436788,-1.420265572960976,-3.621542056689,2.6153946544185613
2025-10-15,5.310405438528444,-1.4185317096738075,-3.5583956528582465,2.6153946544185613
2025-10-16,5.275776626606827,-1.4224684463384731,-3.7081280986826233,2.6153946544185613
2025-10-17,5.280999498234095,-1.4217304052603406,-3.5826278962560236,2.6153946544185613
2025-10-20,5.248413081466713,-1.3818534504954334,-3.566718363721562,2.6153946544185613
2025-10-21,5.214740979818172,-1.3425679424445054,-3.5855756263367304,2.6153946544185613
2025-10-22,5.212319919500798,-1.348033737914763,-3.581442859138954,2.6153946544185613
2025-10-23,5.239273849064271,-1.3624433450762599,-3.4911081458124245,2.6153946544185613
2025-10-24,5.247189084975108,-1.3881685930636531,-3.468563375318487,2.6153946544185613
2025-10-27,5.208360170899229,-1.3360915184715694,-3.390364351915474,2.6153946544185613
2025-10-28,5.180825990859458,-1.3184508745340215,-3.35485576958344,2.6153946544185613
2025-10-29,5.207374245051724,-1.2605108794780238,-3.2041327654225413,2.6153946544185613
2025-10-30,5.26960548584855,-1.3083042609281184,-3.2771114940833024,2.6153946544185613
2025-10-31,5.3060794783808465,-1.3397826599391016,-3.3855278511985287,2.6153946544185613
2025-11-03,5.338291750705837,-1.3754314783806247,-3.4127955045437326,2.6153946544185613
2025-11-04,5.314322082338311,-1.378998172222527,-3.4057762573148262,2.6153946544185613
2025-11-05,5.375606634014403,-1.4231216775717206,-3.313833545192071,2.6153946544185613
2025-11-06,5.3453669183339985,-1.4254462601057423,-3.458374645898813,2.6153946544185613
2025-11-07,5.368631326189051,-1.452693600154757,-3.5238581036238643,2.6153946544185613
2025-11-10,5.355599608085324,-1.438461524195346,-3.38551557938505,2.6153946544185613
2025-11-12,5.3224317637081,-1.3896812478554694,-3.4927150507284495,2.6153946544185613
2025-11-13,5.369707117743677,-1.4143867405776147,-3.5029776101394035,2.6153946544185613
2025-11-14,5.416222061885902,-1.449423328109264,-3.504424162215137,2.6153946544185613
2025-11-17,5.397991557712467,-1.4209343758228474,-3.536017591808508,2.6153946544185613
2025-11-18,5.435846415330929,-1.4805433238639587,-3.6601495356495186,2.6153946544185613
2025-11-19,5.446394804618191,-1.4739468532479356,-3.674977170891777,2.6153946544185613
2025-11-20,5.433265518708162,-1.480303198776073,-3.731721670389459,2.6153946544185613
2025-11-21,5.44563909711556,-1.5071947153918268,-3.906397488300233,2.6153946544185613
2025-11-24,5.399342315649621,-1.4674018383970244,-3.8584255445195605,2.6153946544185613
2025-11-25,5.407740843516742,-1.459931368147826,-4.0218914923955085,2.6153946544185613
2025-11-26,5.363132319299012,-1.3970016609793996,-3.9532077454334873,2.6153946544185613
2025-11-28,5.383553053407696,-1.421696240815184,-3.891185608848488,2.6153946544185613
2025-12-01,5.4514428272661775,-1.5196996390727495,-3.737694804114015,2.6153946544185613
2025-12-02,5.461027960824297,-1.5549700957922283,-3.7644809530438486,2.6153946544185613
2025-12-03,5.46035997831301,-1.564085055158678,-3.8641133914806307,2.6153946544185613
2025-12-04,5.482722532545009,-1.5850040548969142,-3.719472952990805,2.6153946544185613
2025-12-05,5.4876500603606395,-1.5959089966900617,-3.600763256986935,2.6153946544185613
2025-12-08,5.493491829253379,-1.626369173692824,-3.4476692164716405,2.6153946544185613
2025-12-09,5.456059877311376,-1.5888946640909651,-3.293500225329834,2.6153946544185613
2025-12-10,5.49979891592416,-1.6365677327355832,-3.5653852971862023,2.6153946544185613
2025-12-11,5.48278166576947,-1.6815453976384278,-3.451888194396414,2.6153946544185613
2025-12-12,5.574098353483522,-1.7956788449707304,-3.4728348982858748,2.6153946544185613
2025-12-15,5.5774208447121305,-1.8161429704350764,-3.5275109642024884,2.6153946544185613
2025-12-16,5.562148952990968,-1.7981441531675189,-3.638149561916953,2.6153946544185613
2025-12-17,5.569995085839204,-1.8029025761053643,-3.6231634573172147,2.6153946544185613
2025-12-18,5.542650341630087,-1.7787037389150382,-3.6892293756215455,2.6153946544185613
2025-12-19,5.558437485617494,-1.8118345024843077,-3.5776623816948625,2.6153946544185613
2025-12-22,5.556154483796105,-1.8045933794584341,-3.5120107455811924,2.6153946544185613
2025-12-23,5.509547124413985,-1.7424554431144688,-3.3775198566170848,2.6153946544185613
2025-12-24,5.470036375287176,-1.688877850556601,-3.3729300855083957,2.6153946544185613
2025-12-26,5.542906261110396,-1.775033945464151,-3.6014189686633893,2.6153946544185613
2025-12-29,5.537678471462193,-1.7753993500721519,-3.6646079400946543,2.6153946544185613
2025-12-30,5.553503554606433,-1.817416843658389,-3.6403350301293678,2.6153946544185613
2025-12-31,5.587167240731646,-1.8505852119235815,-3.5543535542242735,2.6153946544185613
2026-01-02,5.607603151661161,-1.898319556158543,-3.500979183438057,2.6153946544185613
2026-01-05,5.605881412818179,-1.8888993776957839,-3.6134247998821882,2.6153946544185613
2026-01-06,5.619729383440309,-1.8873584456170343,-3.627858283176684,2.6153946544185613
2026-01-07,5.5570102129907735,-1.811999299897637,-3.609172640791481,2.6153946544185613
2026-01-08,5.600182410624954,-1.8617329230641406,-3.5475110327292483,2.6153946544185613
2026-01-09,5.5076580590250686,-1.7338528312456511,-3.3649713776055994,2.6153946544185613
2026-01-12,5.537588563727677,-1.759853520294342,-3.4020691253179645,2.6153946544185613
2026-01-13,5.5456368740692685,-1.7630368235404128,-3.4868520644715373,2.6153946544185613
2026-01-14,5.492869392060805,-1.7107715131341226,-3.4718836350516966,2.6153946544185613
2026-01-15,5.45019632545559,-1.6564935075314695,-3.2448416080444367,2.6153946544185613
2026-01-16,5.475140408213133,-1.70676117635381,-3.054992197088303,2.6153946544185613
2026-01-20,5.59202346805251,-1.8582230083815894,-3.084159124619839,2.6153946544185613
2026-01-21,5.545098925550104,-1.7883637332630702,-3.1275818172726875,2.6153946544185613
2026-01-22,5.489947105641414,-1.734070752067825,-2.9795992402365394,2.6153946544185613
2026-01-23,5.475361706239804,-1.7238022940023336,-2.9885574705297224,2.6153946544185613
2026-01-26,5.447235611953581,-1.6943448519772617,-2.99663582396812,2.6153946544185613
2026-01-27,5.505382462949943,-1.7803370088224026,-3.055527949050348,2.6153946544185613
2026-01-28,5.529910060024955,-1.7930561497818744,-3.048635867490559,2.6153946544185613
2026-01-29,5.53906077126925,-1.8165386749494976,-3.1600678284782258,2.6153946544185613
2026-01-30,5.5839887888380355,-1.8833368118724878,-3.241007731864331,2.6153946544185613
2026-02-02,5.604507482424697,-1.885036566040391,-3.18059143681053,2.6153946544185613
2026-02-03,5.600033868918764,-1.8742916224329225,-3.18906829534636,2.6153946544185613
2026-02-04,5.628373725038803,-1.9028296816807533,-3.2281220282569607,2.6153946544185613
2026-02-05,5.581942435772143,-1.9105625114884526,-3.368729756120983,2.6153946544185613
2026-02-06,5.567785210858883,-1.8759224050469188,-3.3227379693139127,2.6153946544185613
2026-02-09,5.56481754418341,-1.882914948901659,-3.328685542356488,2.6153946544185613
2026-02-10,5.487707236222232,-1.8206796086728732,-3.3226317204652305,2.6153946544185613
2026-02-11,5.511441666501566,-1.7829914286400492,-3.310532522973396,2.6153946544185613
2026-02-12,5.4170457855461045,-1.688823433644734,-3.3834100834362686,2.6153946544185613
2026-02-13,5.419851897872594,-1.6998232503711628,-3.5984187499260933,2.6153946544185613
2026-02-17,5.377922560245636,-1.6347780257533904,-3.4881765323889447,2.6153946544185613
2026-02-18,5.404771344704805,-1.655797674447729,-3.4430255955874114,2.6153946544185613
2026-02-19,5.395879186773223,-1.6288675232585068,-3.4786467617208348,2.6153946544185613
2026-02-20,5.419537527431577,-1.6326473739509715,-3.5355939960941343,2.6153946544185613
2026-02-23,5.436958399145941,-1.6128083933583026,-3.8477203353762346,2.6153946544185613
2026-02-24,5.414881986641985,-1.586077172202602,-3.7505750321597224,2.6153946544185613
2026-02-25,5.392425722183665,-1.5701802225590105,-3.6398955996243165,2.6153946544185613
2026-02-26,5.373836198342837,-1.5484353680237564,-3.7328334086949893,2.6153946544185613
2026-02-27,5.3730139274700095,-1.5657399438811015,-3.907845952420187,2.6153946544185613
2026-03-02,5.396590372322201,-1.5615201736135864,-3.6608057812351698,2.6153946544185613
2026-03-03,5.394014893637195,-1.5404413858995505,-3.6318014877984983,2.6153946544185613
2026-03-04,5.391827549234094,-1.5153520849517719,-3.5350038939394874,2.6153946544185613
2026-03-05,5.38574038929562,-1.53547891964352,-3.3121767741795187,2.6153946544185613
2026-03-06,5.416999453982035,-1.6031499486066725,-3.28829198745425,2.6153946544185613
2026-03-09,5.3698041318994125,-1.5304899249927937,-3.300213963529247,2.6153946544185613
2026-03-10,5.424585396260804,-1.5782812697818533,-3.3392744231600457,2.6153946544185613
2026-03-11,5.525619916085028,-1.655441738682013,-3.362164357908479,2.6153946544185613
2026-03-12,5.513027030186857,-1.5850399780915931,-3.0974185044513796,2.6153946544185613
2026-03-13,5.5553916572497375,-1.6462685326284756,-3.161352322055474,2.6153946544185613
2026-03-16,5.518371068292957,-1.608168693207646,-3.3257635641701317,2.6153946544185613
2026-03-17,5.513314667314466,-1.5922208972956504,-3.4011214513015298,2.6153946544185613
2026-03-18,5.517429549191988,-1.5670598823472042,-3.175562147672181,2.6153946544185613
2026-03-19,5.4413222671119685,-1.4248436037961554,-3.066235817716771,2.6153946544185613
2026-03-20,5.578858075750855,-1.5249662748565642,-2.9058888154505422,2.6153946544185613
2026-03-23,5.536735969271317,-1.5209333666629705,-2.9557005178227707,2.6153946544185613
2026-03-24,5.530460796561378,-1.4639157997729964,-2.7895898877196474,2.6153946544185613
2026-03-25,5.493036601212095,-1.4404283620421579,-2.9142722225739384,2.6153946544185613
2026-03-26,5.481125749857356,-1.430523862507091,-2.4662199896836556,2.6153946544185613
2026-03-27,5.565449329171412,-1.5812160780846654,-2.624194372485389,2.6153946544185613
2026-03-30,5.5016076211037985,-1.5471433902522036,-2.7941195268367656,2.6153946544185613
2026-03-31,5.4875549861417,-1.5298507723684716,-2.9429872256859824,2.6153946544185613
2026-04-01,5.5178375687441665,-1.5856324622836095,-2.8314644934482227,2.6153946544185613
2026-04-02,5.4804704166002285,-1.5372136301594646,-2.8626507365773017,2.6153946544185613
2026-04-03,5.501949916844229,-1.518953348008231,-2.791166151203331,2.6153946544185613
2026-04-06,5.461168548354902,-1.498067637572679,-2.7076378676041886,2.6153946544185613
2026-04-07,5.5052258433948005,-1.5396758197395832,-2.888378034202338,2.6153946544185613
2026-04-08,5.4929796662370345,-1.5270252786658043,-2.9890947827162364,2.6153946544185613
2026-04-09,5.51756822206106,-1.5582427325557688,-3.047562054229534,2.6153946544185613
2026-04-10,5.518826904412135,-1.5620593351162557,-2.9573989997727037,2.6153946544185613
2026-04-13,5.510716554767783,-1.5535341758715893,-3.0241185125072296,2.6153946544185613
2026-04-14,5.492033030233699,-1.523047241984404,-3.168776161821673,2.6153946544185613
2026-04-15,5.513159956342458,-1.5587088867079073,-3.100322235821509,2.6153946544185613
2026-04-16,5.56265633746407,-1.6160677633641787,-3.1123292051050786,2.6153946544185613
2026-04-17,5.529014429274285,-1.606098877395607,-3.255052147993144,2.6153946544185613
2026-04-20,5.515904117260739,-1.5861877821912178,-3.2145999983692977,2.6153946544185613
2026-04-21,5.511954083854246,-1.5667130873020905,-3.048135677730938,2.6153946544185613
2026-04-22,5.514029191221823,-1.568222466482454,-3.0139676660409873,2.6153946544185613
2026-04-23,5.525291796983141,-1.582345768299461,-2.8874773832236404,2.6153946544185613
2026-04-24,5.522469882634022,-1.5948591509970953,-3.0067451057601065,2.6153946544185613
2026-04-27,5.558468755345001,-1.629082526768956,-2.962543388809063,2.6153946544185613
2026-04-28,5.539661991616498,-1.601610574108899,-2.8305172553360918,2.6153946544185613
2026-04-29,5.567015927776174,-1.5903773154472391,-2.686351527672911,2.6153946544185613
2026-04-30,5.5939316270064925,-1.648823863656311,-2.817151109338683,2.6153946544185613
2026-05-01,5.568360813523707,-1.6181497754016911,-2.770209322597193,2.6153946544185613
2026-05-04,5.616346983527515,-1.6286046501975684,-2.6912232950390083,2.6153946544185613
2026-05-05,5.563308836326027,-1.6147030448884356,-2.5765879752273233,2.6153946544185613
2026-05-06,5.535322621052317,-1.5903159800783628,-2.7916849326441358,2.6153946544185613
2026-05-07,5.564308253177167,-1.6066400810697488,-2.6960011739828724,2.6153946544185613
2026-05-08,5.538486655926492,-1.5784924045474815,-2.746620742501457,2.6153946544185613
2026-05-11,5.564206533588799,-1.5932192005014083,-2.632754229637224,2.6153946544185613
2026-05-12,5.605115713354413,-1.6260482138029406,-2.5323105242241764,2.6153946544185613
2026-05-13,5.628777123746908,-1.6564351477270711,-2.5934772960198376,2.6153946544185613
2026-05-14,5.5920651165820425,-1.6106975948831392,-2.494964956331088,2.6153946544185613
2026-05-15,5.676251565002279,-1.7269901328826096,-2.1509864686213627,2.6153946544185613
2026-05-18,5.685129111456992,-1.7333013866409814,-2.1568998790003056,2.6153946544185613
2026-05-19,5.7114839802841475,-1.7858218705685003,-1.9468010341291453,2.6153946544185613
2026-05-20,5.673936107063877,-1.7276559587322948,-2.2676761583555956,2.6153946544185613
2026-05-21,5.635766951323703,-1.656717792872187,-2.1807608394685483,2.6153946544185613
2026-05-22,5.579820721235963,-1.5483827845767282,-2.089148163591614,2.6153946544185613
2026-05-26,5.570199763484159,-1.5567608291630397,-2.3195474951084125,2.6153946544185613
2026-05-27,5.548937654077996,-1.5433591922407461,-2.314830822326791,2.6153946544185613
2026-05-28,5.515530668042314,-1.5097092151944405,-2.322814052209425,2.6153946544185613
2026-05-29,5.531901762454966,-1.515501405551301,-2.4232003653398104,2.6153946544185613
2026-06-01,5.508734579313072,-1.4904629726450724,-2.2470983458825877,2.6153946544185613
2026-06-02,5.478455299110186,-1.4567983359357597,-2.229741614361122,2.6153946544185613
2026-06-03,5.4942551179645065,-1.4716911085252113,-2.1176116067359705,2.6153946544185613
2026-06-04,5.483841149476788,-1.4796565202019427,-2.1670388340303153,2.6153946544185613
2026-06-05,5.477232419126645,-1.416408855557854,-1.88504657354835,2.6153946544185613
2026-06-08,5.51439080715758,-1.4489957467249033,-1.9672109547296797,2.6153946544185613
2026-06-09,5.495303998818297,-1.4411569174446233,-2.016317946146411,2.6153946544185613
2026-06-10,5.521723348433705,-1.4682033086033734,-2.025691670025065,2.6153946544185613
2026-06-11,5.452129113240744,-1.400484803178545,-2.216015073029266,2.6153946544185613
2026-06-12,5.467448267062984,-1.4130080384110553,-2.1336506777585815,2.6153946544185613
2026-06-15,5.478476235975448,-1.42462332093374,-2.2446068808104607,2.6153946544185613
2026-06-16,5.428037438197329,-1.3557027453757935,-2.2920239330532355,2.6153946544185613
2026-06-17,5.3792299687449585,-1.1682753540595496,-2.0227587533832647,2.6153946544185613
2026-06-18,5.35359683439572,-1.138741746554887,-2.110522616312247,2.6153946544185613
2026-06-22,5.387306656624965,-1.1267338356581664,-2.0430064721095507,2.6153946544185613
2026-06-23,5.390761394852833,-1.1668274932040434,-2.0703447218187585,2.6153946544185613
2026-06-24,5.313526915654997,-1.0716265251821109,-2.2477257265484663,2.6153946544185613
2026-06-25,5.328377838450521,-1.0820803376444976,-2.3640882794781857,2.6153946544185613
2026-06-26,5.356659876237406,-1.1150724026406045,-2.5133805623288725,2.6153946544185613
2026-06-29,5.341202934063597,-1.079614963895608,-2.485690820987267,2.6153946544185613
2026-06-30,5.401155191377347,-1.1368512891176663,-2.4190604446909467,2.6153946544185613
2026-07-01,5.457766303600057,-1.1844555442946043,-2.3904031996091764,2.6153946544185613
2026-07-02,5.486438426153393,-1.2521097199071947,-2.3999175431187494,2.6153946544185613
2026-07-06,5.506276896272909,-1.2796822336153104,-2.5027972684554722,2.6153946544185613
2026-07-07,5.5593322982089575,-1.3028891977237458,-2.417272755413796,2.6153946544185613
2026-07-08,5.568595575356479,-1.311560442397481,-2.3404144238302798,2.6153946544185613
2026-07-09,5.576260160391879,-1.3420986408959124,-2.4371386103128425,2.6153946544185613
2026-07-10,5.575430194635667,-1.313491602413548,-2.360711177132568,2.6153946544185613
2026-07-13,5.592398533264729,-1.2952974987633805,-2.2387943100479437,2.6153946544185613
2026-07-14,5.593795679156468,-1.3824739857808748,-2.2999618115925102,2.6153946544185613
2026-07-15,5.614263615069594,-1.4329567119928086,-2.4695368269273685,2.6153946544185613
2026-07-16,5.626380367449169,-1.4264818787048772,-2.440505705822813,2.6153946544185613
2026-07-17,5.587500751820725,-1.3606264660689216,-2.4155059562408865,2.6153946544185613
