date,sample,rmse_bp,max_abs_error_bp
2022-07-18,train,7.71728770008875,11.309964289427299
2022-07-19,train,8.321359148972654,12.56381936233848
2022-07-20,train,8.408026241192376,12.979285908374116
2022-07-21,train,8.112073340928475,11.35237953944399
2022-07-22,train,8.14449417671168,11.94942989601051
2022-07-25,train,8.284329935594279,11.69444402046711
2022-07-26,train,9.127456006462596,12.686855017474707
2022-07-27,train,8.96105524996059,12.81334700142196
2022-07-28,train,9.603607966590074,14.294859532207571
2022-07-29,train,9.901207570443965,15.02660658564805
2022-08-01,train,9.879727743129193,14.390994688225245
2022-08-02,train,10.664072940343901,14.783639762368672
2022-08-03,train,10.595471993371161,14.65687761339054
2022-08-04,train,10.780796250540984,15.303435391022191
2022-08-05,train,11.588479567973877,15.620690666550008
2022-08-08,train,11.37545151026559,15.365834366264863
2022-08-09,train,12.039677858315272,16.21332413219525
2022-08-10,train,11.958444953239127,16.16407006848273
2022-08-11,train,11.700518653660732,15.761121438366699
2022-08-12,train,12.538381417902137,16.904089927236132
2022-08-15,train,12.70416493325306,17.27865479980246
2022-08-16,train,13.08143878488882,17.593502349010357
2022-08-17,train,13.417269129946488,18.50411439268802
2022-08-18,train,13.159049184081784,19.08622220899341
2022-08-19,train,12.118311859689014,17.307199883103497
2022-08-22,train,12.021952268808239,17.062545264180606
2022-08-23,train,11.255880428268414,16.13288113315332
2022-08-24,train,11.338857782284991,15.504438097711448
2022-08-25,train,11.892134541917976,16.44223490183183
2022-08-26,train,11.039985373724305,15.373921500584276
2022-08-29,train,10.242314030078466,14.37184761355419
2022-08-30,train,10.033045951801341,13.532584165048922
2022-08-31,train,9.177862009897318,13.016477671034421
2022-09-01,train,8.674201696818233,12.055178034414693
2022-09-02,train,8.001146580816009,11.90626270290216
2022-09-06,train,8.269298236720815,12.152624569309678
2022-09-07,train,7.821704350043531,11.526650730983912
2022-09-08,train,8.57707478885482,12.410852667444772
2022-09-09,train,8.59711290405736,12.132549970729523
2022-09-12,train,8.330925884284557,11.960231900562057
2022-09-13,train,8.09503034661108,11.417205168119304
2022-09-14,train,8.118926385983963,11.307357939503948
2022-09-15,train,7.56262758467453,10.204815856054195
2022-09-16,train,7.618842435942081,10.5891205250916
2022-09-19,train,7.6586194199650865,10.67544743837332
2022-09-20,train,7.179153369866569,12.477989993712724
2022-09-21,train,7.430271835666404,10.097804724964288
2022-09-22,train,7.096665865725507,9.886528694895347
2022-09-23,train,9.32060636612633,13.032857241674822
2022-09-26,train,7.902235727412115,11.176561992743128
2022-09-27,train,7.658751549101672,10.75879163373239
2022-09-28,train,6.889571257980856,9.650233483624415
2022-09-29,train,7.04832062029933,10.031131310266339
2022-09-30,train,7.293864623462741,10.273166855231697
2022-10-03,train,8.54496793834589,11.709174816189405
2022-10-04,train,8.791659921149227,12.221573076164649
2022-10-05,train,7.270544524429493,12.482281466891099
2022-10-06,train,7.087619695095208,11.847914717018737
2022-10-07,train,8.278346105818818,11.579004779851587
2022-10-11,train,6.775397582172062,11.578449344925534
2022-10-12,train,7.0098852907696685,11.762709267972493
2022-10-13,train,8.979967061827926,14.816612736034607
2022-10-14,train,8.666558821029277,14.38076054142865
2022-10-17,train,8.140282805183128,13.591125472284826
2022-10-18,train,8.36058184331931,14.104048394298108
2022-10-19,train,8.113259948608894,10.959047071157446
2022-10-20,train,8.76319862554293,12.232500238943533
2022-10-21,train,7.210094131628049,10.13701889130818
2022-10-24,train,6.809516140512595,9.64359096898848
2022-10-25,train,8.422941102486968,13.862977676924615
2022-10-26,train,7.140845690846358,10.070826212131578
2022-10-27,train,3.520389040061356,5.811760871878313
2022-10-28,train,5.321794899883618,7.249565127014801
2022-10-31,train,5.105271995643439,7.331443877125121
2022-11-01,train,2.869748791663207,4.76149250071396
2022-11-02,train,7.35453900319892,10.412189821305962
2022-11-03,train,7.191669204018913,10.19102968860608
2022-11-04,train,6.272311361507904,9.731007107540801
2022-11-07,train,6.395488492760299,10.403527253077804
2022-11-08,train,5.977490004563764,10.566097755254411
2022-11-09,train,4.968404408805468,9.045331265861911
2022-11-10,train,4.939159498262086,8.113937063825327
2022-11-14,train,5.051048040349106,8.313800326954945
2022-11-15,train,4.768458991166996,7.675991783905722
2022-11-16,train,5.324403176447266,8.730425806294972
2022-11-17,train,5.21041963572386,8.557317773673612
2022-11-18,train,5.656926554820152,9.087785294950113
2022-11-21,train,4.996706635130121,9.128493090735912
2022-11-22,train,5.81198453539759,9.244788830406936
2022-11-23,train,5.2648506336755005,8.598581661902571
2022-11-25,train,5.476446174217187,8.968081808336459
2022-11-28,train,4.987952490313206,8.207898836454897
2022-11-29,train,4.922342689299009,8.109154642045535
2022-11-30,train,5.018489379820888,7.772192566988556
2022-12-01,train,5.205963659996294,9.313879596316799
2022-12-02,train,5.1990551444863975,9.53895636687001
2022-12-05,train,4.461980380138889,7.288840718003309
2022-12-06,train,4.5321593889472735,7.449697883954576
2022-12-07,train,4.726457209509284,8.531361873335896
2022-12-08,train,4.536950086762391,8.427041352492814
2022-12-09,train,4.582460385451442,8.437559393647343
2022-12-12,train,4.332950119046875,7.863374448985994
2022-12-13,train,4.6680890902023195,8.351648445338444
2022-12-14,train,4.793584062350666,8.640410959700962
2022-12-15,train,4.719334928439233,7.662833478890008
2022-12-16,train,5.104764991583778,9.39027415258713
2022-12-19,train,4.674982326431411,8.433339527967698
2022-12-20,train,4.643379852311666,8.634654003557385
2022-12-21,train,4.082156907707257,7.508996175638272
2022-12-22,train,4.464599798621714,8.203253727143123
2022-12-23,train,4.406376753822054,7.933733694933887
2022-12-27,train,4.249852818957821,7.554304023144187
2022-12-28,train,4.266877059796848,7.821314209784003
2022-12-29,train,4.3651383380532724,7.946223556478049
2022-12-30,train,4.571851316073645,8.441358579765357
2023-01-03,train,4.458209054589185,7.557234987252848
2023-01-04,train,4.703761255620088,7.520460364419579
2023-01-05,train,4.596155696465125,7.201833668532709
2023-01-06,train,3.7396890923480357,6.532135788654392
2023-01-09,train,3.022028636003903,5.140810650902905
2023-01-10,train,3.2125878508511083,5.870836461467732
2023-01-11,train,3.3303128701134166,6.057968989971885
2023-01-12,train,3.7694879274568565,6.669574912187581
2023-01-13,train,5.275052538868041,9.498763475756
2023-01-17,train,3.666108155177357,6.50695457202386
2023-01-18,train,3.155293752963819,5.76882672657808
2023-01-19,train,2.8758385864512057,5.32634994600949
2023-01-20,train,2.9942537230543587,5.4644290599383805
2023-01-23,train,3.2524836749513724,5.713977753741828
2023-01-24,train,2.9752971265030435,5.083073622790124
2023-01-25,train,2.9182718392522666,5.2474760132293685
2023-01-26,train,3.0226507965162215,5.490214846028474
2023-01-27,train,2.7726163844204543,5.102031751760183
2023-01-30,train,2.9324779626097657,5.138589312752773
2023-01-31,train,2.5438331314264078,4.708709158490132
2023-02-01,train,2.170545711649024,4.336496323132444
2023-02-02,train,2.2487985087486746,4.2232786677890655
2023-02-03,train,3.5449248760493837,6.33384448711829
2023-02-06,train,4.403991954256019,7.8928307576262124
2023-02-07,train,4.8282815506403916,8.775655655915493
2023-02-08,train,4.265595780106201,7.669720776710198
2023-02-09,train,4.928846480816223,8.894764912036157
2023-02-10,train,3.6675418721340343,6.48269826236243
2023-02-13,train,4.377689887702606,7.77304109056538
2023-02-14,train,4.549178052087437,7.718667695124415
2023-02-15,train,1.2769743559346274,2.603975083796506
2023-02-16,train,4.696901286559602,8.353374700838412
2023-02-17,train,4.414120421106785,7.966484456200984
2023-02-21,train,4.730850643022428,8.800967447187258
2023-02-22,train,1.2266306905510214,2.6174569800785363
2023-02-23,train,1.2020812708826656,2.2879999623428127
2023-02-24,train,1.8265535957927823,4.408381945049555
2023-02-27,train,1.8603793661446508,4.4907040182452285
2023-02-28,train,2.118345393487151,5.092859343068046
2023-03-01,train,2.4947495303174785,5.924903555857686
2023-03-02,train,1.9652544532997003,4.602082862219881
2023-03-03,train,2.100900399097464,5.008158411822006
2023-03-06,train,3.77214934562662,6.3611036275557975
2023-03-07,train,3.5452201493205506,6.906256523666876
2023-03-08,train,4.238675050018985,7.950960838767873
2023-03-09,train,2.717979202309439,4.788500668825435
2023-03-10,train,3.067190612846533,5.908710925361227
2023-03-13,train,2.584895404930356,4.890999660101603
2023-03-14,train,3.5417499216370185,6.221457120042828
2023-03-15,train,3.7398919323155777,6.8780928041011435
2023-03-16,train,3.1503545539145574,4.747548220911835
2023-03-17,train,2.404966559756868,4.290720847821339
2023-03-20,train,2.647845275661466,4.947375322667424
2023-03-21,train,2.838721878471927,4.932042902374345
2023-03-22,train,1.7334369565172025,3.0563040432588284
2023-03-23,train,2.594644353528118,3.7152688032557
2023-03-24,train,2.6945508119202275,4.30517991386874
2023-03-27,train,2.5811700918381875,4.832172733649731
2023-03-28,train,2.816849811133752,5.143632065428516
2023-03-29,train,2.7256088556051115,4.934209037935888
2023-03-30,train,2.3053898019292256,4.248579456058943
2023-03-31,train,2.0394431955084924,3.8247796086605224
2023-04-03,train,1.9735839877753525,3.193404115342302
2023-04-04,train,2.2364939779353037,3.0016071615011963
2023-04-05,train,2.8037295189491998,4.176496854716039
2023-04-06,train,2.554398605540335,3.9602305599213405
2023-04-07,train,2.2814191121249814,4.331381083132113
2023-04-10,train,2.635078233323826,4.898210656609514
2023-04-11,train,2.2189395466561592,4.265086978059429
2023-04-12,train,1.89014210791443,3.1577452610770163
2023-04-13,train,2.123198537492214,3.516349497606619
2023-04-14,train,1.8859316789511626,3.491114602561529
2023-04-17,train,1.9574687914981066,3.7900484278425406
2023-04-18,train,1.932973751065754,3.7102256478464213
2023-04-19,train,1.9743476522693697,3.496685604704286
2023-04-20,train,1.4150855343414581,2.7335372145104397
2023-04-21,train,1.3498473688003207,2.549767350421339
2023-04-24,train,1.4619926136354124,2.4946802858346384
2023-04-25,train,2.73511610392679,4.055995258136846
2023-04-26,train,2.5832354079707653,3.7573398023138527
2023-04-27,train,1.7431610197349605,2.349492846082324
2023-04-28,train,1.9271647597239876,2.6465631879226237
2023-05-01,train,1.6843890952785652,2.1408932152692906
2023-05-02,train,2.012548499839469,2.7890081844323067
2023-05-03,train,2.4230708336212574,3.5647184743802462
2023-05-04,train,3.507041621018858,5.415752759752079
2023-05-05,train,2.363506362457404,3.523772681892723
2023-05-08,train,2.1298685120661265,3.1176089954300323
2023-05-09,train,1.8375871366988947,2.635851877991069
2023-05-10,train,2.694490054039115,4.078829379183713
2023-05-11,train,2.718869521264991,4.0907979895476565
2023-05-12,train,2.4544156106206314,3.5172149552682885
2023-05-15,train,2.556548279826716,3.919823994410354
2023-05-16,train,2.326719672756681,3.504548186141321
2023-05-17,train,2.1542033243099086,3.3318468450174166
2023-05-18,train,2.2589622735812878,4.165524723156544
2023-05-19,train,2.1634015253410106,3.6115979829097533
2023-05-22,train,2.6668142817951996,4.657508677001498
2023-05-23,train,2.6805625424154487,5.402743733619175
2023-05-24,train,2.9230240326539847,6.046736659791385
2023-05-25,train,3.1528759319846875,6.78904193388723
2023-05-26,train,3.1672627128134803,6.65036782597177
2023-05-30,train,2.1424231847476856,4.554470997584481
2023-05-31,train,2.564090641771478,5.044037253594391
2023-06-01,train,2.6631455293850985,4.847901992464454
2023-06-02,train,1.7801035903207731,3.7848540065729797
2023-06-05,train,1.6941300179035903,3.571967455744307
2023-06-06,train,2.114091053327115,4.4841618619199775
2023-06-07,train,2.67965833091115,5.793918401762443
2023-06-08,train,2.5870477199877095,5.236107787747457
2023-06-09,train,2.6174341303534168,4.8879171694992785
2023-06-12,train,2.7779975110026367,5.717952373235935
2023-06-13,train,3.7556374069984293,6.746757960554062
2023-06-14,train,4.699898047843068,8.451188626954131
2023-06-15,train,3.896709123483267,6.968719202002305
2023-06-16,train,5.417623429257047,9.780648545972115
2023-06-20,train,4.890619455829879,8.76582099285197
2023-06-21,train,4.906984408137284,8.788591351514352
2023-06-22,train,5.611087301751497,10.172661177001041
2023-06-23,train,4.124454979005937,7.377357138587826
2023-06-26,train,3.6471638047732027,6.55245795529753
2023-06-27,train,5.029245481941647,9.024677654432756
2023-06-28,train,5.265194124945309,9.422646041683391
2023-06-29,train,2.875629617262591,5.410541757926524
2023-06-30,train,2.3228148552460586,4.440712451319007
2023-07-03,train,2.9455642854412627,5.339502324419687
2023-07-05,train,2.2271255396093292,4.012262034908076
2023-07-06,train,1.90683453581614,3.6605516626847745
2023-07-07,train,1.6889989743972353,3.1284959455541106
2023-07-10,train,1.9232354946914367,2.7534450334887772
2023-07-11,train,2.7779234502671857,4.126681638349972
2023-07-12,train,3.937138921688203,7.0268482680553745
2023-07-13,train,3.3501853159898447,6.45447421769183
2023-07-14,train,5.32969411163602,9.580889565208395
2023-07-17,train,5.169941215710047,9.254036260799614
2023-07-18,train,5.798670323123161,10.4605595283628
2023-07-19,train,6.1222642677552885,11.098168803896469
2023-07-20,train,6.241810390115477,11.445250319889011
2023-07-21,train,5.788821583384722,10.528298166506866
2023-07-24,train,3.938224970044165,5.298309289853398
2023-07-25,train,3.618448484871209,5.353866119572803
2023-07-26,train,3.1392748054141864,5.635302407305165
2023-07-27,train,3.678534084953072,5.247141071676342
2023-07-28,train,4.291262161769783,6.693282981023785
2023-07-31,train,2.607091946407009,4.502550754572177
2023-08-01,train,1.6305462543462403,3.2372643575492077
2023-08-02,train,3.0171458040203842,4.270732986443182
2023-08-03,train,6.555056819946023,11.760067428802223
2023-08-04,train,5.472775750649502,9.671012804570367
2023-08-07,train,4.822533148564552,8.985400065955318
2023-08-08,train,4.770110496349755,8.521426281667832
2023-08-09,train,4.97787123403137,8.836297648975933
2023-08-10,train,4.455621072973417,7.871535674946539
2023-08-11,train,4.873299658396113,8.596714244470505
2023-08-14,train,6.054161673179249,11.213353118718494
2023-08-15,train,5.536797178896351,9.956420168254887
2023-08-16,train,6.023111566963384,10.960919453290341
2023-08-17,train,5.190346594764946,9.406304922717634
2023-08-18,train,5.8256393438747525,10.408145323247275
2023-08-21,train,6.620552371657375,12.124544367921963
2023-08-22,train,1.5980734631198201,3.0473719369062735
2023-08-23,train,6.141299995774207,11.109937062460773
2023-08-24,train,6.679535798047357,12.03024828828303
2023-08-25,train,6.107799278380659,11.201771182468523
2023-08-28,train,6.534415188163102,11.914353338450212
2023-08-29,train,5.71850605020106,10.268358365818653
2023-08-30,train,5.244463029683244,9.75553610255151
2023-08-31,train,4.420718975653203,8.509005813799586
2023-09-01,train,5.197072255294964,10.597605987898362
2023-09-05,train,6.151678556885934,11.766632141615396
2023-09-06,train,1.14168689546711,1.9080021135212455
2023-09-07,train,5.970237310932705,11.34107896587686
2023-09-08,train,5.720295119916406,10.428787867065381
2023-09-11,train,5.2849380783861974,9.677836039388144
2023-09-12,train,6.113321768211028,10.985860764410837
2023-09-13,train,5.469775499937239,9.746052277610495
2023-09-14,train,6.3088798779963735,11.558590622347786
2023-09-15,train,1.0470664889343908,2.566916305169986
2023-09-18,train,1.2695510922576627,3.132662696810584
2023-09-19,train,1.9086617410764106,3.0446343721234115
2023-09-20,train,2.103497911635872,3.234056226596582
2023-09-21,train,1.1776286008845318,2.759567759614079
2023-09-22,train,1.0976599398529006,2.7252353780774285
2023-09-25,train,1.3610181891359425,2.239679063072053
2023-09-26,train,1.4712028912886441,2.3794390889526618
2023-09-27,train,1.9347522379603694,3.4481888731964006
2023-09-28,train,2.6050630320628914,5.110014879203462
2023-09-29,train,3.289771229317642,6.568967958155536
2023-10-02,train,3.4751119881671575,6.931722890858172
2023-10-03,train,3.46458469193349,7.033731468371851
2023-10-04,train,3.8219585989093217,7.2770805189628085
2023-10-05,train,4.012267146681049,8.144190873254775
2023-10-06,train,8.29063901019315,17.690452180665872
2023-10-10,train,7.636151224109359,16.364763671398475
2023-10-11,train,7.382238577777914,15.70465795621887
2023-10-12,train,4.210287075969067,8.746926854012393
2023-10-13,train,3.971790208625942,8.257373579758998
2023-10-16,train,4.95639102413727,10.360276059357165
2023-10-17,train,4.828731533127102,10.013444938854388
2023-10-18,train,7.412267160617272,15.726721414973888
2023-10-19,train,8.161815362994062,17.47060548288859
2023-10-20,train,6.936819940163772,14.776161198743587
2023-10-23,train,5.892704390235697,12.476668782923284
2023-10-24,train,6.689517891362604,14.229177813845695
2023-10-25,train,6.824859819454362,14.531398344801438
2023-10-26,train,6.489040886012562,13.63941798405941
2023-10-27,train,6.475445550943676,13.519097065098595
2023-10-30,train,6.874292770769552,14.332020876657836
2023-10-31,train,6.869570754022246,14.448331539494141
2023-11-01,train,6.3511521750540725,13.080175378280412
2023-11-02,train,5.753359761963781,12.313089789412413
2023-11-03,train,5.930021096222038,12.484825814813405
2023-11-06,train,5.99044491284342,12.831324182601733
2023-11-07,train,5.158444295751478,11.067950118423209
2023-11-08,train,3.1052040031385855,5.929456633605046
2023-11-09,train,3.438137878963711,6.766368028639569
2023-11-10,train,2.9893165279410128,6.039233870852367
2023-11-13,train,3.020933809226466,5.764088792566113
2023-11-14,train,5.0999111397594765,10.878278940562858
2023-11-15,train,6.34129854497517,13.579995749869056
2023-11-16,train,6.18600569274016,13.280365008827921
2023-11-17,train,6.811137943064839,14.387303399523255
2023-11-20,train,6.71579979892067,14.17759937735763
2023-11-21,train,7.163735880653654,15.226080767849659
2023-11-22,train,6.978332181837348,14.916587135529191
2023-11-24,train,4.774047511979675,9.925223904990155
2023-11-27,train,7.522744381525783,16.078623373544865
2023-11-28,train,7.413539787171086,15.844025968778475
2023-11-29,train,6.743267893685132,13.981060872190554
2023-11-30,train,7.201555992546135,15.292020287286157
2023-12-01,train,6.380107303070133,12.90297301823049
2023-12-04,train,6.299263917744479,13.090203924181942
2023-12-05,train,6.048655493905057,12.280061277776877
2023-12-06,train,5.621890535223626,11.81636099805834
2023-12-07,train,5.94773472501057,12.433946048543643
2023-12-08,train,5.886803188135895,12.622710581158447
2023-12-11,train,5.725044817013104,12.27400038201969
2023-12-12,train,5.993532985368058,12.815531613921394
2023-12-13,train,5.260621614439497,10.820167200864095
2023-12-14,train,4.564478871149106,8.56094587615095
2023-12-15,train,4.466184395703212,9.22953973004903
2023-12-18,train,4.260509926170939,8.65077616874892
2023-12-19,train,4.09403377594579,8.112822283503007
2023-12-20,train,3.552228592464479,6.138959685164114
2023-12-21,train,3.588363913644073,6.151714290936905
2023-12-22,train,3.774132965975347,5.536430823216865
2023-12-26,train,2.9983078324411396,4.614330862177685
2023-12-27,train,1.974365200844046,3.550873991646508
2023-12-28,train,2.237114155120936,3.9214105933346843
2023-12-29,train,3.424389973829075,4.744865294708944
2024-01-02,train,2.544948402381252,3.617866006999204
2024-01-03,train,2.7356255229876827,4.0198453723623295
2024-01-04,train,2.6858927737797593,4.81090616655786
2024-01-05,train,2.6667705978433243,4.750660694862674
2024-01-08,train,3.020509915631336,5.030599780259415
2024-01-09,train,2.7485298365172075,4.211515273394539
2024-01-10,train,2.7183188799503855,4.315166577293361
2024-01-11,train,3.1296501546731608,4.906538161187157
2024-01-12,train,3.7547047222842265,6.493420320091925
2024-01-16,train,3.843929246749394,5.964303431410567
2024-01-17,train,3.0762448013268426,4.566340478692421
2024-01-18,train,2.9521378021535627,4.315583492102704
2024-01-19,train,2.821511491782798,4.549945914059883
2024-01-22,train,2.5930162358201487,4.1842618885149285
2024-01-23,train,2.7984653366833556,4.166404424318237
2024-01-24,train,2.900181564731881,5.003620565889033
2024-01-25,train,3.32694269702185,4.94462031976175
2024-01-26,train,3.0091155135577496,4.727086003054204
2024-01-29,train,2.78149808100568,3.9611539708309884
2024-01-30,train,2.212113754419624,3.29073033217826
2024-01-31,train,2.3954212810928595,3.8513350777786393
2024-02-01,train,1.9220269672072035,3.7241081622346073
2024-02-02,train,2.2890852246739644,3.6588582279540205
2024-02-05,train,2.019994330258862,2.97393166974258
2024-02-06,train,2.0212070528248507,3.307725143156137
2024-02-07,train,1.8955780444427688,3.041919986853614
2024-02-08,train,2.059241906645396,2.9675833816988906
2024-02-09,train,1.953230789093067,2.900880583270915
2024-02-12,train,2.07905617404252,2.9473845999183013
2024-02-13,train,1.9139194758136528,3.8228674652142303
2024-02-14,train,1.7624779574179965,3.0895719596951032
2024-02-15,train,2.263010349241225,4.207847746502491
2024-02-16,train,2.5475126114181212,5.436213694278713
2024-02-20,train,2.562958251748608,5.280608924683783
2024-02-21,train,2.4792284669273017,5.213727009799829
2024-02-22,train,2.2748537708134564,4.920253980851541
2024-02-23,train,3.1923707003766157,6.831254571957679
2024-02-26,train,2.8198523747455417,5.96441453453318
2024-02-27,train,3.1451092443307322,6.615520837140831
2024-02-28,train,2.774470588386766,5.995371253998627
2024-02-29,train,2.735952708194149,5.910739192447956
2024-03-01,train,2.7827901296988795,5.619486631997894
2024-03-04,train,2.9596002737648135,6.36303275972061
2024-03-05,train,2.209189714482902,4.635650754242615
2024-03-06,train,1.596684835873282,3.429767744873935
2024-03-07,train,1.3878189784727755,2.827081030447065
2024-03-08,train,1.79760530564334,3.7265761934927255
2024-03-11,train,1.3340390145522578,2.7961337368708428
2024-03-12,train,1.4879069070993152,3.1578219882793412
2024-03-13,train,1.5597224538640557,3.2224935988844017
2024-03-14,train,1.8418921508573642,3.8847827325177775
2024-03-15,train,2.3980149081977427,4.717694523021709
2024-03-18,train,2.155485523342132,4.29614544685224
2024-03-19,train,1.3582153483886383,2.911743330963379
2024-03-20,train,1.170112563168302,1.6968705083251656
2024-03-21,train,1.0968959190085625,2.023675603470032
2024-03-22,train,0.9252721809482324,1.454524802461421
2024-03-25,train,0.937905939889325,1.4845337323090568
2024-03-26,train,0.9680267253353598,1.7982631578824737
2024-03-27,train,1.1288179697194387,2.3501236290480065
2024-03-28,train,1.5397086280915249,2.946564212542757
2024-04-01,train,2.0965771864897715,3.8225096300970485
2024-04-02,train,2.557259987323168,5.242096351186021
2024-04-03,train,1.9856239940156977,4.213165784634398
2024-04-04,train,1.8578756051647451,3.9216659785861196
2024-04-05,train,2.6215231334098132,5.019947639481792
2024-04-08,train,3.0415832194381585,5.55543514363217
2024-04-09,train,2.2948141989316375,4.160200999251007
2024-04-10,train,3.7860076242944145,6.941184692848612
2024-04-11,train,5.126283304314098,9.54079323440915
2024-04-12,train,3.7079249537085293,6.838103191228395
2024-04-15,train,5.023299844229139,9.24207128615162
2024-04-16,train,3.6265271057311104,6.696201612112862
2024-04-17,train,5.20415309776531,9.705785732274919
2024-04-18,train,3.754908326461442,6.9330811388634395
2024-04-19,train,3.537199809854546,6.579530662518707
2024-04-22,train,3.5605738338591326,6.620106940861703
2024-04-23,train,3.79380096121279,6.949984508742979
2024-04-24,train,4.036314475941712,7.315223146254901
2024-04-25,train,3.8640092743101957,7.078582434656511
2024-04-26,train,3.6229536221687413,6.725306478943249
2024-04-29,train,3.736372030149234,6.896143633058838
2024-04-30,train,3.9230724184041637,7.165994055990232
2024-05-01,train,3.707332686314218,6.838847004474324
2024-05-02,train,2.8210337168652524,5.069869657398218
2024-05-03,train,2.0225481308790463,3.6835675159143655
2024-05-06,train,2.9000950469889903,5.247819272762921
2024-05-07,train,2.8850720379320913,5.258264957901915
2024-05-08,train,2.6678712070361326,4.859214290458791
2024-05-09,train,1.8694094477209693,3.4780867377789626
2024-05-10,train,2.9137461857038875,5.283101699210846
2024-05-13,train,2.80648293776874,5.0896172835799725
2024-05-14,train,1.871797589655903,3.4244083315864593
2024-05-15,train,1.577009039024127,3.2353912318418665
2024-05-16,train,0.7010037106026754,1.2470991095106854
2024-05-17,train,2.6516018137038544,4.796310583345331
2024-05-20,train,2.7503272593807084,4.956440300094034
2024-05-21,train,3.139200721790673,5.6345771095835495
2024-05-22,train,3.8179609714972313,6.975808240910553
2024-05-23,train,1.529208723499252,2.507518821569654
2024-05-24,train,1.3794234578414941,2.803866946652711
2024-05-28,train,4.5532928440791824,8.373763950744717
2024-05-29,train,0.8303507978023489,1.6881027957653671
2024-05-30,train,0.8813424588343814,1.7862213086733192
2024-05-31,train,0.628583324393611,1.0971256264344476
2024-06-03,train,3.3989104037800137,6.083903596844831
2024-06-04,train,3.442803502903117,6.185733573086338
2024-06-05,train,2.4015697620077714,4.3774764833216295
2024-06-06,train,2.597492682318292,4.801041215224444
2024-06-07,train,4.168408111433862,7.536938094936119
2024-06-10,train,1.045563784322757,1.7215793951620206
2024-06-11,train,3.6577322757652664,7.107679417114188
2024-06-12,train,2.9478980349905015,5.689993841282437
2024-06-13,train,3.1051965249733504,6.323393869983729
2024-06-14,train,3.516472324466345,7.111041949099572
2024-06-17,train,3.7338104174920854,6.9618104156738525
2024-06-18,train,2.406715221134692,4.853577125402886
2024-06-20,train,2.659705857986691,5.4932077697473325
2024-06-21,train,2.4931452081258425,5.054431134107773
2024-06-24,train,2.3400093427563924,4.7316536314617075
2024-06-25,train,2.276496302152788,4.588206364108682
2024-06-26,train,2.873513652471025,5.85898527512132
2024-06-27,train,2.58830897338852,5.294198076353318
2024-06-28,train,2.5671324876904325,5.43014549156382
2024-07-01,train,3.809839504061488,8.17180768112955
2024-07-02,train,3.527869634907036,7.509144295981773
2024-07-03,train,3.122056431594701,6.670109934866719
2024-07-05,train,3.2255217693484615,6.971651537470347
2024-07-08,train,3.142776169952302,6.753263237938523
2024-07-09,train,3.3369828187747643,7.210597177548461
2024-07-10,train,3.0417874601396386,6.577083591012922
2024-07-11,train,2.7488248923082774,5.826079128816364
2024-07-12,train,3.0725928177385895,5.935600523812834
2024-07-15,train,3.256942681058735,6.354358240041247
2024-07-16,train,2.974384537180396,5.805882374037896
2024-07-17,train,2.882283890748244,5.6467131158039585
2024-07-18,train,3.1193548326814255,6.456892461750208
2024-07-19,train,2.9325611236778992,6.205173162057864
2024-07-22,train,2.8673919977495066,6.110647279819048
2024-07-23,train,2.4493156593113867,5.015490245329612
2024-07-24,train,2.9162344329926757,5.792077458779854
2024-07-25,train,2.5114757769084357,5.184169379835524
2024-07-26,train,2.5396178699139567,5.059283715436891
2024-07-29,train,2.4970637375817133,5.0754734772518795
2024-07-30,train,2.3835186615543305,4.837704054668546
2024-07-31,train,1.9924092016973507,3.494076020172976
2024-08-01,train,2.188826798590514,3.549103956721833
2024-08-02,train,2.589904045658599,4.815191160063703
2024-08-05,train,2.4952644049269104,4.6761908198916124
2024-08-06,train,2.6790653772106667,4.971531234004267
2024-08-07,train,2.887142708902288,5.391002099883968
2024-08-08,train,2.882213005012041,5.419334409681209
2024-08-09,train,2.798652094299069,4.754535128067872
2024-08-12,train,2.9467657420998474,4.928405681862547
2024-08-13,train,2.8297956244070424,5.174976692999733
2024-08-14,train,2.8343908247423517,5.252703096497724
2024-08-15,train,2.5637780579723826,3.9850766964631745
2024-08-16,train,2.163915565225596,3.9980592001535697
2024-08-19,train,1.9824536023579062,3.556236908037036
2024-08-20,train,2.351104332691895,4.293581833145854
2024-08-21,train,2.5545878209270296,4.669769896491749
2024-08-22,train,2.3524591434622435,4.33648311001722
2024-08-23,train,2.6678477416333948,5.040667226923512
2024-08-26,train,2.7302351023195253,5.114962109351895
2024-08-27,train,2.9459319742027983,5.522115192483756
2024-08-28,train,2.975474156584484,5.6193404332786745
2024-08-29,train,2.976391333845297,5.591168343750663
2024-08-30,train,2.7434923702303595,5.255974366383764
2024-09-03,train,2.8391448272247635,5.465700270610885
2024-09-04,train,3.2303561045442075,6.296649756862971
2024-09-05,train,3.3645463631224275,6.529511637452945
2024-09-06,train,4.017986371393434,7.8283841625748085
2024-09-09,train,3.785023920579225,7.490272981833268
2024-09-10,train,4.143688482795176,8.121550937921462
2024-09-11,train,4.270976619836399,8.294175582235663
2024-09-12,train,3.842457913409749,7.558586034540715
2024-09-13,train,3.7184415322905386,7.548150345569216
2024-09-16,train,3.4892479198543733,7.124749896943605
2024-09-17,train,3.2779615812808296,6.694936167813426
2024-09-18,train,2.938181914597399,6.1415294229741235
2024-09-19,train,3.227446061742476,6.605059839893945
2024-09-20,train,3.228675379831704,6.639096780889808
2024-09-23,train,3.152316684670565,6.393545291383784
2024-09-24,train,3.1709938159915496,6.508626935128969
2024-09-25,train,2.7895263938627664,5.757519937118749
2024-09-26,train,2.3695406363701954,4.736619894736327
2024-09-27,train,2.5896127928327823,5.255517481168903
2024-09-30,train,2.397767061131611,4.538041202519993
2024-10-01,train,2.349244940183239,4.32807625308782
2024-10-02,train,2.2683055868766973,4.23319716312518
2024-10-03,train,2.1307302649164006,3.681999786366408
2024-10-04,train,1.9782649714996388,3.066649858968429
2024-10-07,train,1.009577997745007,1.629183104974663
2024-10-08,train,1.6912973601836416,2.463608193932476
2024-10-09,train,1.2236499587399248,2.2806945513668353
2024-10-10,train,1.752690725767508,2.838994938347339
2024-10-11,train,1.5506790697141661,2.9155858431050508
2024-10-15,train,1.777593672738554,2.811610290383504
2024-10-16,train,1.666318324668388,2.7262283419143607
2024-10-17,train,1.6301723806876909,2.990672980996445
2024-10-18,train,1.7357550194254219,3.1953830207767986
2024-10-21,train,1.7274010193286515,2.8191060236470555
2024-10-22,train,1.6512585379861424,2.6649643192913963
2024-10-23,train,1.3761667594164029,2.140965300929931
2024-10-24,train,1.1653143593740793,2.104807696714328
2024-10-25,train,1.0964556007649404,1.9069730171262123
2024-10-28,train,1.1881034134005006,1.978969706035727
2024-10-29,train,1.4619657931687375,2.1912044304399636
2024-10-30,train,1.0912192810844321,1.9872259875187481
2024-10-31,train,1.0711258755633826,1.9711149222269242
2024-11-01,train,1.5353030089210504,3.1808966462273602
2024-11-04,train,1.274614839674001,2.576720004722066
2024-11-05,train,1.096440100293458,2.255742368871161
2024-11-06,train,1.5884578560139941,3.355591989240647
2024-11-07,train,1.2893002428269609,2.7684953423843695
2024-11-08,train,4.138876082989759,7.976839970930705
2024-11-12,train,4.668572335021414,9.242259857691337
2024-11-13,train,2.065941302748777,4.085830661398138
2024-11-14,train,3.3432181401375494,6.179682801694497
2024-11-15,train,1.5115674801704793,3.0796896897303583
2024-11-18,train,1.4281479128833354,2.806541436814136
2024-11-19,train,1.737542744080145,3.3991151825758514
2024-11-20,train,4.538873448039219,8.533993682620178
2024-11-21,train,4.045723091472075,7.61515958907637
2024-11-22,train,4.002109590294222,7.57938136050571
2024-11-25,train,4.737951368459435,8.696768741153349
2024-11-26,train,4.134367155190458,7.9572501751486335
2024-11-27,train,4.93680569215495,9.471062229358385
2024-11-29,train,3.171822534877169,6.531550740431236
2024-12-02,train,4.254189566557472,8.29606131220082
2024-12-03,train,4.225713985888266,8.297564746847375
2024-12-04,train,2.3170583612135696,4.871643609614296
2024-12-05,train,4.550262789531417,8.866792617677444
2024-12-06,train,3.9969229178977432,7.6603534972306875
2024-12-09,train,4.828640022441298,9.05433102915607
2024-12-10,validation,4.484566908088393,8.239354118255093
2024-12-11,validation,4.47477879145769,8.25106282183814
2024-12-12,validation,4.226262774137762,7.86850558529375
2024-12-13,validation,3.902530572586814,7.2774731942167215
2024-12-16,validation,3.9593354008220025,7.344912637349488
2024-12-17,validation,4.440270053139706,8.722609849743357
2024-12-18,validation,2.06647544719051,4.009290730835247
2024-12-19,validation,3.430621056162677,6.986266837525701
2024-12-20,validation,3.4489472554104608,6.58247653587507
2024-12-23,validation,3.3402576726327284,6.621687908129825
2024-12-24,validation,2.3805434011788624,4.456841452465632
2024-12-26,validation,3.07687130687738,6.020048760856511
2024-12-27,validation,3.158087774549644,6.325416495532288
2024-12-30,validation,3.5715535564328285,6.9635137861777
2024-12-31,validation,3.685404703001028,7.370052150408402
2025-01-02,validation,3.619965597015441,7.104972617921401
2025-01-03,validation,3.175893548631826,6.179694207289632
2025-01-06,validation,3.7138742764645265,7.492009770435981
2025-01-07,validation,4.1899403578730965,8.66294545187305
2025-01-08,validation,4.483944742442754,9.258931605889309
2025-01-09,validation,3.961510271961191,8.147370822116695
2025-01-10,validation,2.9634723828653895,6.313499407586054
2025-01-13,validation,3.5370014440613544,7.586239607394685
2025-01-14,validation,4.0736124685450275,8.725992725002385
2025-01-15,validation,4.580824009875663,9.618056399286345
2025-01-16,validation,3.2077410567495974,6.837891194656365
2025-01-17,validation,4.224659883164065,8.640260999824356
2025-01-21,validation,3.573915988693064,7.019333324861066
2025-01-22,validation,3.6652604753340166,7.345702545973065
2025-01-23,validation,3.4463059886375915,6.920100718735878
2025-01-24,validation,3.8460648309368164,7.8328531358114795
2025-01-27,validation,0.6289544024373374,1.0543849321258847
2025-01-28,validation,0.7014832063650722,1.39170676151803
2025-01-29,validation,0.5438915517845058,1.118840816043587
2025-01-30,validation,0.6401864050249029,1.3507363587899057
2025-01-31,validation,0.5544626644909469,1.0295569517462688
2025-02-03,validation,3.4792781925795158,6.473267032544161
2025-02-04,validation,0.5194217795685271,1.0449529071868469
2025-02-05,validation,0.5358361455475702,1.1177323189240695
2025-02-06,validation,0.7416273611333,1.3191372434429915
2025-02-07,validation,2.581576390191167,5.037012217219683
2025-02-10,validation,2.6374436597980506,5.137873840224216
2025-02-11,validation,2.9353211926242335,5.653548702559608
2025-02-12,validation,2.5104147377415287,4.780627947107341
2025-02-13,validation,2.5938836288038574,5.051811249922444
2025-02-14,validation,2.8092308231051915,5.46364380847546
2025-02-18,validation,2.543535903525017,4.959132795303667
2025-02-19,validation,3.2263856401272717,6.115367723312826
2025-02-20,validation,3.08748655791737,5.953006929891558
2025-02-21,validation,0.937054383133377,1.5815142749683986
2025-02-24,validation,0.7976936573615762,1.4342894340052759
2025-02-25,validation,0.6679563647026705,1.314106595081821
2025-02-26,validation,0.5722554248228557,1.2205335375001347
2025-02-27,validation,0.5497552196028105,1.0344545812132289
2025-02-28,validation,0.7068706326176655,1.2097160788953953
2025-03-03,validation,0.784178704097838,1.246097955357861
2025-03-04,validation,0.8547713739697258,1.4210145067743873
2025-03-05,validation,0.7898430919186439,1.2147609760461364
2025-03-06,validation,0.8803884620451714,1.5031058198890168
2025-03-07,validation,0.8683876550754335,1.5151066661386103
2025-03-10,validation,1.0497427565164172,2.0316368505137294
2025-03-11,validation,1.299120197760228,2.017985260704247
2025-03-12,validation,1.0690471173405207,1.8246374095807205
2025-03-13,validation,1.1192368105300596,1.7336579676408004
2025-03-14,validation,0.8572137913843696,1.5086210672031974
2025-03-17,validation,0.9136386603007269,1.8684292856491425
2025-03-18,validation,1.0952305198827568,2.2394523235375274
2025-03-19,validation,1.0903241114248372,1.8477543300617683
2025-03-20,validation,0.9301552945200353,1.5912936032457026
2025-03-21,validation,0.9052300214927397,1.368016130861749
2025-03-24,validation,0.9515311191034498,1.867714194118797
2025-03-25,validation,0.861666157996734,1.6312049065964729
2025-03-26,validation,0.9802754475339567,1.9829647869660683
2025-03-27,validation,1.2915007543022958,2.5890437133583077
2025-03-28,validation,1.089157368014582,1.9238928716675652
2025-03-31,validation,1.1230254302330045,2.1190781758542165
2025-04-01,validation,1.0852215767002416,2.066979899716692
2025-04-02,validation,1.0628575378570517,2.0111825627950886
2025-04-03,validation,1.562507481241203,2.5854421262650362
2025-04-04,validation,1.5990881619757547,3.02193072691046
2025-04-07,validation,2.0602628418250517,3.305686317880596
2025-04-08,validation,3.4434535107776796,6.276974415444148
2025-04-09,validation,2.7838097024946684,5.338152126537299
2025-04-10,validation,3.3335054715125043,6.560177962016933
2025-04-11,validation,3.679180846255422,7.494080776390621
2025-04-14,validation,3.6984205092145284,7.141191241440659
2025-04-15,validation,3.5147757787629845,7.214756523562205
2025-04-16,validation,3.7798166226640757,7.463149846693895
2025-04-17,validation,4.312394972261488,8.415460572348188
2025-04-21,validation,6.017385471215435,11.828356152189645
2025-04-22,validation,5.1165224321715215,10.253329168551417
2025-04-23,validation,4.326005924322122,8.745150367014976
2025-04-24,validation,4.369071808454445,8.811403987313415
2025-04-25,validation,4.1254902346948175,8.224666659381263
2025-04-28,validation,4.907013193995644,9.281712088361171
2025-04-29,validation,4.619807643840642,8.783809935756892
2025-04-30,validation,5.0855521315739605,9.701385275688956
2025-05-01,validation,4.680142978010361,9.540596612775065
2025-05-02,validation,4.312393015857905,9.191122159370746
2025-05-05,validation,4.557843904020365,9.67268844149336
2025-05-06,validation,4.599030561121754,9.647209421356973
2025-05-07,validation,4.2528653918058055,8.864300139009007
2025-05-08,validation,4.050404991657246,8.679386449432247
2025-05-09,validation,3.8527192273508115,8.188692530475183
2025-05-12,validation,3.645581873659222,7.8782341543912615
2025-05-13,validation,4.881391272300569,10.486474496502574
2025-05-14,validation,4.755887876787165,10.15540430820403
2025-05-15,validation,4.63775977609237,10.006397413119128
2025-05-16,validation,5.111137298125578,10.974299601893023
2025-05-19,validation,5.36052611595302,11.54660105745764
2025-05-20,validation,5.650840809393547,12.169917112671413
2025-05-21,validation,6.229044023549353,13.379314292703448
2025-05-22,validation,6.3104020245414905,13.575936438378644
2025-05-23,validation,5.9398591033911,12.777116570279379
2025-05-27,validation,6.166987721065669,13.242055259612329
2025-05-28,validation,6.330427775048345,13.608335244405012
2025-05-29,validation,5.751359621475934,12.393929013294969
2025-05-30,validation,5.4991384131286924,11.812497215934759
2025-06-02,validation,5.7368632908793105,12.370144412974415
2025-06-03,validation,5.636465965836495,12.134482057017326
2025-06-04,validation,4.897531024076672,10.561974217951775
2025-06-05,validation,4.670989094073576,10.07768146876904
2025-06-06,validation,4.839957380535151,10.406221421852546
2025-06-09,validation,4.558494587876016,9.835835458967335
2025-06-10,validation,4.520378503079772,9.750064089171495
2025-06-11,validation,3.8839234745929008,8.397174784044914
2025-06-12,validation,3.5445938246390813,7.656032076587227
2025-06-13,validation,4.246572383091009,9.146306610330868
2025-06-16,validation,4.674579510490172,10.084113754149904
2025-06-17,validation,4.426177827330075,9.530532565550143
2025-06-18,validation,4.519203371930377,9.764493650072126
2025-06-20,validation,4.352341547416475,9.400328710151395
2025-06-23,validation,4.158140069118069,8.880034057388553
2025-06-24,validation,4.338018103378436,9.223004901709775
2025-06-25,validation,4.497344419662226,9.575848227095651
2025-06-26,validation,4.6439735890523215,9.683273483842392
2025-06-27,validation,4.744122480444666,9.96451906506044
2025-06-30,validation,4.280064284796425,8.764420562962894
2025-07-01,validation,3.892114019010788,8.218386812154854
2025-07-02,validation,4.315268236770968,9.118223292933614
2025-07-03,validation,4.228045849694922,8.954626121280818
2025-07-07,validation,4.716088040350965,10.126952584041682
2025-07-08,validation,4.639349139478408,9.848023418040341
2025-07-09,validation,4.300754548015133,9.101140402002983
2025-07-10,validation,4.202155601687039,8.942445726750936
2025-07-11,validation,4.6622662759470055,9.957418989152078
2025-07-14,validation,4.688448610973123,9.991246975405943
2025-07-15,validation,5.073154864583633,10.881233897902653
2025-07-16,validation,5.324177104488845,11.30112690847902
2025-07-17,validation,5.4721295921113295,11.710709956483178
2025-07-18,validation,5.232070846841991,11.129571783373748
2025-07-21,validation,4.986751461099072,10.584346742914885
2025-07-22,validation,5.170334783843311,11.04263395114895
2025-07-23,validation,4.615110230015965,9.913222449404113
2025-07-24,validation,4.695668881552556,10.135833024031182
2025-07-25,validation,4.652218234171131,10.053607552866861
2025-07-28,validation,4.4539681685206505,9.620712929161801
2025-07-29,validation,4.06327614630542,8.782230815226821
2025-07-30,validation,4.354263056326724,9.410373369076375
2025-07-31,validation,4.108127592880229,8.883181126624518
2025-08-01,validation,3.305615285634057,6.739500729769521
2025-08-04,validation,3.243735596443719,6.774334257869086
2025-08-05,validation,3.6290183404637313,7.7757394708501515
2025-08-06,validation,3.858332347911411,8.222923817363448
2025-08-07,validation,3.53819638441117,7.5894807613066995
2025-08-08,validation,3.193701725983663,6.849716281540097
2025-08-11,validation,2.9759302504829566,6.389798715538131
2025-08-12,validation,3.227073235577086,6.908317487796101
2025-08-13,validation,3.2153864501152354,6.829422624172921
2025-08-14,validation,3.774530255245292,8.157172065980323
2025-08-15,validation,4.4257304029748346,9.56915026255043
2025-08-18,validation,4.655582707707909,10.056064281344579
2025-08-19,validation,4.827484631823166,10.413480447101886
2025-08-20,validation,4.656209747597705,10.025282530151713
2025-08-21,validation,4.62582997525164,9.953751118875243
2025-08-22,validation,4.173872950909041,9.019513002010004
2025-08-25,validation,4.6279859304856235,9.955053344286124
2025-08-26,validation,4.523190154595551,9.774649990266582
2025-08-27,validation,4.654609746201621,10.05195039179867
2025-08-28,validation,4.798617800690518,10.299449743061917
2025-08-29,validation,4.571832504686178,9.82477398853625
2025-09-02,validation,5.134906996432455,10.9294272227773
2025-09-03,validation,4.951120472974849,10.507094480971624
2025-09-04,validation,5.081239664957055,10.698473459392588
2025-09-05,validation,4.269100363587366,8.926722610034243
2025-09-08,validation,3.9695374964525922,8.517549290561721
2025-09-09,validation,4.3301428872115775,9.026295761386915
2025-09-10,validation,4.049062337141162,8.09046293729141
2025-09-11,validation,3.9662515015211848,7.710498570685687
2025-09-12,validation,3.708785464541575,7.516981330452577
2025-09-15,validation,3.2415923370914035,6.72576376846159
2025-09-16,validation,3.2175187438454107,6.792087749943132
2025-09-17,validation,2.7327830582148436,5.768244705760939
2025-09-18,validation,3.2096790753933533,6.447865490526983
2025-09-19,validation,3.300090146043349,6.722246431539869
2025-09-22,validation,4.020889904892049,7.835733326431971
2025-09-23,validation,3.9092980727088626,7.652980742141402
2025-09-24,validation,3.578217841480903,6.839044688909368
2025-09-25,validation,4.038024738407428,7.543191828860518
2025-09-26,validation,3.706840645761103,7.125516019279932
2025-09-29,test,3.35771416093674,6.617104178568489
2025-09-30,test,2.6802999112514323,5.342113718730523
2025-10-01,test,2.378646775900651,4.776381371654459
2025-10-02,test,2.2858309435404287,4.418706617593493
2025-10-03,test,2.225514416237391,4.337867521592287
2025-10-06,test,2.493380640647996,4.947761354171298
2025-10-07,test,2.673733762110034,5.361011341966648
2025-10-08,test,2.4781233443624937,4.870848366904124
2025-10-09,test,2.412793484531843,4.819314935536312
2025-10-10,test,1.9505562585093228,4.019877278338768
2025-10-14,test,2.0771894735593994,4.345401765527601
2025-10-15,test,2.4239944591881435,5.115944906081449
2025-10-16,test,2.1630577756641802,4.523548710669356
2025-10-17,test,2.0923602921486593,4.386236215626393
2025-10-20,test,2.2321431135330614,4.713918468830425
2025-10-21,test,2.097582516188766,4.394819199285749
2025-10-22,test,1.8577397663557114,3.8110876603822064
2025-10-23,test,1.9357268875002362,4.008293188203993
2025-10-24,test,2.259646530165841,4.702066201666266
2025-10-27,test,2.214547712324634,4.474826061496984
2025-10-28,test,2.2004670981920786,4.434720185131269
2025-10-29,test,2.7548967877938795,5.538489686577819
2025-10-30,test,2.8956647717920188,5.908811785150014
2025-10-31,test,3.012033970065182,6.116736881128126
2025-11-03,test,3.026937579959651,5.949493604309719
2025-11-04,test,3.0494183929048577,5.932618429316072
2025-11-05,test,3.681479240782362,7.147860317044952
2025-11-06,test,3.352626495549231,6.523680496076345
2025-11-07,test,3.609229703475115,7.071772591538572
2025-11-10,test,3.927680941704053,7.558585218081593
2025-11-12,test,3.5775042903543044,6.8026204330966955
2025-11-13,test,3.2922823426592815,6.255318868572957
2025-11-14,test,3.73769357809503,7.068758749241688
2025-11-17,test,3.8459944606467693,7.148676797595943
2025-11-18,test,3.6384758864940587,6.922458955878685
2025-11-19,test,3.332583191946481,6.335554956274514
2025-11-20,test,3.0925896242749444,5.96257926307322
2025-11-21,test,3.488793532539193,6.722877244332448
2025-11-24,test,3.1611231502983768,6.058273210095511
2025-11-25,test,3.2657028788671343,6.2483449336391494
2025-11-26,test,3.4114709583208134,6.614812631818623
2025-11-28,test,3.5584381280089463,6.952238915000741
2025-12-01,test,4.026245281313285,7.594789339249086
2025-12-02,test,3.553481190588073,6.872327902850017
2025-12-03,test,3.4484293548207217,6.427585612155706
2025-12-04,test,3.311123941799623,6.032280178649163
2025-12-05,test,4.892271059848403,8.794739232318705
2025-12-08,test,4.989490637193839,9.107865082673694
2025-12-09,test,5.3529085224492166,9.553223784826148
2025-12-10,test,2.3128379938934778,4.433196515349369
2025-12-11,test,4.341361629233971,7.789052226575777
2025-12-12,test,4.061918979422441,7.343128786185016
2025-12-15,test,3.2207515861074123,5.884946186276618
2025-12-16,test,2.6793709588099723,5.057722318708091
2025-12-17,test,3.0731876744556224,5.660141300152333
2025-12-18,test,3.333270548767585,6.088694629224722
2025-12-19,test,3.75388505439588,6.78008835907713
2025-12-22,test,4.175383835208205,7.538761606579314
2025-12-23,test,4.9521907858706875,8.995836756678166
2025-12-24,test,4.8507527686462915,8.826840934412772
2025-12-26,test,3.623492560819544,6.631582322369756
2025-12-29,test,3.152198789616481,5.832046324489237
2025-12-30,test,2.2129231716050834,4.272631598475662
2025-12-31,test,1.6944713654108194,3.2300624144583345
2026-01-02,test,2.1545765211440404,4.225300474371707
2026-01-05,test,2.0796584212955658,4.108723161695416
2026-01-06,test,2.2123926999835293,4.33175200787721
2026-01-07,test,2.420190427370254,4.565327228545613
2026-01-08,test,1.7083005542425793,3.105144097845969
2026-01-09,test,2.7580429115657874,4.998882247379388
2026-01-12,test,2.3565511850147605,4.20880310786762
2026-01-13,test,1.8614225714360315,3.3897069873694896
2026-01-14,test,2.221506787274366,4.068375842382377
2026-01-15,test,2.5436804104404778,4.579464799798227
2026-01-16,test,2.6973936258995628,4.929685880765433
2026-01-20,test,2.233625007836787,4.260936954364425
2026-01-21,test,2.3759373418433682,4.48577252400284
2026-01-22,test,1.8464548028626422,3.5541309825457112
2026-01-23,test,1.561349898031594,3.0251175699009814
2026-01-26,test,1.3229000726832392,2.4579010045459704
2026-01-27,test,1.206714037166633,2.2015167305236005
2026-01-28,test,1.1918493559234289,2.407880582094446
2026-01-29,test,1.382795080887628,2.9209197825614375
2026-01-30,test,1.1644288893784465,2.305297433416875
2026-02-02,test,1.3772385794878783,2.8788446879821628
2026-02-03,test,1.3538902436692033,2.8061557756681843
2026-02-04,test,1.1933113390509167,2.178730863814149
2026-02-05,test,1.3537770010810433,2.889114310931795
2026-02-06,test,1.5417133845079056,3.2331150590157343
2026-02-09,test,1.6522360404281573,3.4287345216715615
2026-02-10,test,1.5351571479924717,3.2274651954565137
2026-02-11,test,1.9101523301487708,3.7938425102765017
2026-02-12,test,1.9461157909581261,3.8816694799049145
2026-02-13,test,1.7109708487759536,3.5248881932504084
2026-02-17,test,2.043578100281282,4.0419508370764134
2026-02-18,test,2.1688182229156974,4.223814629092093
2026-02-19,test,2.3542689788698,4.514927558590376
2026-02-20,test,2.86431695598323,5.330121792606146
2026-02-23,test,2.7014533249876513,5.133540838775286
2026-02-24,test,2.905238454992559,5.4266638461305305
2026-02-25,test,3.1344995238332602,5.783129138734999
2026-02-26,test,2.9809643454646215,5.5381879646834165
2026-02-27,test,2.6006194297606635,4.925783952418339
2026-03-02,test,3.579473701235225,6.505783917501606
2026-03-03,test,3.7628669373271513,6.800094217913166
2026-03-04,test,4.1693328040077065,7.560299723366981
2026-03-05,test,5.218913837289565,9.340214225317212
2026-03-06,test,5.745548729443496,10.277766290193302
2026-03-09,test,5.556730666990733,10.040305225551549
2026-03-10,test,6.002211888826395,10.938063706597845
2026-03-11,test,6.113323734757395,11.34125058664992
2026-03-12,test,5.312314105491294,10.002555922968792
2026-03-13,test,5.83181016997239,10.859004144833762
2026-03-16,test,6.1368559981289605,11.384195237778894
2026-03-17,test,5.930739420270444,11.052770529470468
2026-03-18,test,5.388563277916,10.134954430447252
2026-03-19,test,5.498358422975925,10.323057134472169
2026-03-20,test,5.952824631220341,10.949956259234739
2026-03-23,test,6.102840589407299,11.178150833177192
2026-03-24,test,5.3454830259090995,10.007150913105445
2026-03-25,test,5.075006345658211,9.57630849183424
2026-03-26,test,4.212368989986954,8.022957755453852
2026-03-27,test,5.19973248931491,9.687554798115716
2026-03-30,test,5.384916343958799,10.049303199450232
2026-03-31,test,5.294543180440371,9.957241150517504
2026-04-01,test,4.90579729428973,9.275731570116719
2026-04-02,test,5.1044285369759255,9.615715255142554
2026-04-03,test,5.022250961273087,9.468147445474884
2026-04-06,test,4.65752187954058,8.825505362822295
2026-04-07,test,5.121880265954518,9.657401362291296
2026-04-08,test,5.175882974928219,9.758299831541617
2026-04-09,test,5.2313286868217785,9.858897458100024
2026-04-10,test,5.243319591596625,9.868723032070292
2026-04-13,test,5.38792874765782,10.127215059411121
2026-04-14,test,5.462807788634629,10.270955226145784
2026-04-15,test,5.289717587072624,9.962911979272437
2026-04-16,test,5.298923700911477,9.97936279327396
2026-04-17,test,5.733803484845748,10.731931530657945
2026-04-20,test,5.490181173466662,10.295902514632349
2026-04-21,test,5.055337109071508,9.528495284140615
2026-04-22,test,4.922668164033765,9.275743781861312
2026-04-23,test,4.625060901365292,8.716804197563999
2026-04-24,test,5.09146372188707,9.605776256285115
2026-04-27,test,4.8918700182464105,9.237575243071294
2026-04-28,test,4.512244236607739,8.50979899474158
2026-04-29,test,4.053676165958732,7.550110599998305
2026-04-30,test,4.286073929026737,8.005880495106155
2026-05-01,test,4.16080022709102,7.7307070177255355
2026-05-04,test,3.923632275572454,7.180109124307421
2026-05-05,test,3.6792689572944783,6.639325842618504
2026-05-06,test,4.026265150191134,7.2403947695811155
2026-05-07,test,3.754186650967059,6.429111455559777
2026-05-08,test,3.838468192341255,6.56257831946343
2026-05-11,test,3.611756888033593,5.900198801547596
2026-05-12,test,3.419054807553824,5.410303260250338
2026-05-13,test,3.496340786172975,5.507915475756597
2026-05-14,test,3.361948036643748,5.305277407162556
2026-05-15,test,2.703773347887229,4.140125733338085
2026-05-18,test,2.736079663248464,4.461874024585022
2026-05-19,test,2.2973896634039144,3.6167543917128953
2026-05-20,test,2.928706875000884,4.74002226111212
2026-05-21,test,2.8078120656615795,4.309702106067803
2026-05-22,test,2.746178462130521,4.440051135310075
2026-05-26,test,3.107709613271145,4.9028851330700896
2026-05-27,test,3.1058973598951667,4.879878790408831
2026-05-28,test,3.15144782570394,5.023242772276504
2026-05-29,test,3.3012314746111966,5.163397662484037
2026-06-01,test,3.047263946020918,4.897548800583973
2026-06-02,test,3.071020966704155,4.9869469397867405
2026-06-03,test,2.888582083492432,4.709482743060711
2026-06-04,test,2.9007188666328556,4.597843764653309
2026-06-05,test,2.5085467099271477,4.082879860092792
2026-06-08,test,2.613091799049686,4.242635095309755
2026-06-09,test,2.6881976552411277,4.33551617499921
2026-06-10,test,2.673145369443664,4.266217392452365
2026-06-11,test,3.037856263145553,4.746132077274279
2026-06-12,test,2.896212966352618,4.604782819904063
2026-06-15,test,3.08346446774156,4.944348473366222
2026-06-16,test,3.2026831078440336,5.124192088587076
2026-06-17,test,2.942504681333878,4.808396920703384
2026-06-18,test,3.1173002273163974,5.097181934483075
2026-06-22,test,2.975318809821365,4.8350565091244135
2026-06-23,test,2.9694606781792543,4.77519269287523
2026-06-24,test,3.2967366768786346,5.206970109571785
2026-06-25,test,3.4737967662978453,5.553278246966542
2026-06-26,test,3.690375610330417,5.950535763311038
2026-06-29,test,3.660849988433662,5.792172344131163
2026-06-30,test,3.5311615283108306,5.627340848091489
2026-07-01,test,3.4607834739075978,5.446186876162429
2026-07-02,test,3.482081466952145,5.906231454720601
2026-07-06,test,3.6060866295311604,5.972578277891127
2026-07-07,test,3.4402821178740233,5.4865857130895535
2026-07-08,test,3.3330234500219187,5.502672707957856
2026-07-09,test,3.4830869484537015,5.865008222376034
2026-07-10,test,3.36068097522653,5.508776733712395
2026-07-13,test,3.1641703628510145,5.0564113141098765
2026-07-14,test,3.2085961213918366,5.152740372156739
2026-07-15,test,3.44745236683374,5.524165468565467
2026-07-16,test,3.404185017799028,5.419787624703254
2026-07-17,test,3.3951660643368653,5.305407533838125
